comparison,model_a,model_b,delta_definition,interpretation,metric,point_estimate,bootstrap_mean,ci_2_5,ci_97_5,bootstrap_seed,n_bootstrap,n_paired_test_samples,ci_method
P0_vs_P1_noLI,P0,P1_noLI,metric(model_a) - metric(model_b),LI contribution,SM0_RMSE,-0.21148200070248713,-0.20249833509628784,-1.6364986117741338,1.1090473227254396,20260906,10000,231,paired_test_set_percentile
P0_vs_P1_noLI,P0,P1_noLI,metric(model_a) - metric(model_b),LI contribution,SM0_MAE,0.2285216844155844,0.22428442200800836,-0.5711255394372289,1.0237237381493498,20260906,10000,231,paired_test_set_percentile
P0_vs_P1_noLI,P0,P1_noLI,metric(model_a) - metric(model_b),LI contribution,SM20_RMSE,0.5728620807759093,0.5815040920274352,-0.7088796262074527,1.9128734789063948,20260906,10000,231,paired_test_set_percentile
P0_vs_P1_noLI,P0,P1_noLI,metric(model_a) - metric(model_b),LI contribution,SM20_MAE,0.96742288787879,0.9610384726041128,0.10522635060606168,1.8461741157142835,20260906,10000,231,paired_test_set_percentile
P0_vs_P1_noLI,P0,P1_noLI,metric(model_a) - metric(model_b),LI contribution,mean_RMSE,0.18069004003671107,0.1895028784655737,-1.105378434304401,1.4499289013001693,20260906,10000,231,paired_test_set_percentile
P0_vs_P1_noLI,P0,P1_noLI,metric(model_a) - metric(model_b),LI contribution,mean_MAE,0.5979722861471872,0.5926614473060605,-0.1641186383495693,1.3456392016558454,20260906,10000,231,paired_test_set_percentile
P0_vs_P1_noSSL,P0,P1_noSSL,metric(model_a) - metric(model_b),VICReg contribution,SM0_RMSE,-4.560560767907775,-4.559750975362185,-6.6303122186542085,-2.5451062468402186,20260906,10000,231,paired_test_set_percentile
P0_vs_P1_noSSL,P0,P1_noSSL,metric(model_a) - metric(model_b),VICReg contribution,SM0_MAE,-4.09208807056277,-4.0863621760129005,-5.542575432900434,-2.6576753696103896,20260906,10000,231,paired_test_set_percentile
P0_vs_P1_noSSL,P0,P1_noSSL,metric(model_a) - metric(model_b),VICReg contribution,SM20_RMSE,-3.597090321624174,-3.6029121002746303,-5.583066357006174,-1.647680904488994,20260906,10000,231,paired_test_set_percentile
P0_vs_P1_noSSL,P0,P1_noSSL,metric(model_a) - metric(model_b),VICReg contribution,SM20_MAE,-3.1853655774891756,-3.1881826540564937,-4.613749116396104,-1.7446934306060597,20260906,10000,231,paired_test_set_percentile
P0_vs_P1_noSSL,P0,P1_noSSL,metric(model_a) - metric(model_b),VICReg contribution,mean_RMSE,-4.078825544765975,-4.081331537818407,-6.0445250229919685,-2.16715546902205,20260906,10000,231,paired_test_set_percentile
P0_vs_P1_noSSL,P0,P1_noSSL,metric(model_a) - metric(model_b),VICReg contribution,mean_MAE,-3.638726824025973,-3.637272415034697,-5.011400611542206,-2.263469471801946,20260906,10000,231,paired_test_set_percentile
P1_noSSL_vs_P2_MobileViTv2,P1_noSSL,P2_MobileViTv2,metric(model_a) - metric(model_b),architecture contribution under ImageNet+LI/noSSL control,SM0_RMSE,8.285151804916639,8.26764387872458,6.1975003322132185,10.40936167185257,20260906,10000,231,paired_test_set_percentile
P1_noSSL_vs_P2_MobileViTv2,P1_noSSL,P2_MobileViTv2,metric(model_a) - metric(model_b),architecture contribution under ImageNet+LI/noSSL control,SM0_MAE,6.396035558441558,6.390589256900043,4.866701653528139,7.9575595548051945,20260906,10000,231,paired_test_set_percentile
P1_noSSL_vs_P2_MobileViTv2,P1_noSSL,P2_MobileViTv2,metric(model_a) - metric(model_b),architecture contribution under ImageNet+LI/noSSL control,SM20_RMSE,7.692673595062123,7.678696141429538,5.598924998601144,9.820017666566685,20260906,10000,231,paired_test_set_percentile
P1_noSSL_vs_P2_MobileViTv2,P1_noSSL,P2_MobileViTv2,metric(model_a) - metric(model_b),architecture contribution under ImageNet+LI/noSSL control,SM20_MAE,5.876594830303031,5.876979713691039,4.361577819426407,7.439619059632035,20260906,10000,231,paired_test_set_percentile
P1_noSSL_vs_P2_MobileViTv2,P1_noSSL,P2_MobileViTv2,metric(model_a) - metric(model_b),architecture contribution under ImageNet+LI/noSSL control,mean_RMSE,7.988912699989381,7.97317001007706,5.946073945663789,10.097543109099446,20260906,10000,231,paired_test_set_percentile
P1_noSSL_vs_P2_MobileViTv2,P1_noSSL,P2_MobileViTv2,metric(model_a) - metric(model_b),architecture contribution under ImageNet+LI/noSSL control,mean_MAE,6.136315194372294,6.133784485295541,4.666588995449136,7.649631288154763,20260906,10000,231,paired_test_set_percentile
P0_vs_P2_MobileViTv2_context_only,P0,P2_MobileViTv2,metric(model_a) - metric(model_b),overall-system context; not an isolated architecture effect,SM0_RMSE,3.7245910370088637,3.707892903362395,1.8148968227029671,5.724877388552895,20260906,10000,231,paired_test_set_percentile
P0_vs_P2_MobileViTv2_context_only,P0,P2_MobileViTv2,metric(model_a) - metric(model_b),overall-system context; not an isolated architecture effect,SM0_MAE,2.303947487878788,2.3042270808871423,1.1531738136796534,3.5124132511147166,20260906,10000,231,paired_test_set_percentile
P0_vs_P2_MobileViTv2_context_only,P0,P2_MobileViTv2,metric(model_a) - metric(model_b),overall-system context; not an isolated architecture effect,SM20_RMSE,4.095583273437949,4.075784041154908,2.2487680599931137,6.006227119603548,20260906,10000,231,paired_test_set_percentile
P0_vs_P2_MobileViTv2_context_only,P0,P2_MobileViTv2,metric(model_a) - metric(model_b),overall-system context; not an isolated architecture effect,SM20_MAE,2.691229252813855,2.688797059634546,1.5028990759956722,3.9616410104870137,20260906,10000,231,paired_test_set_percentile
P0_vs_P2_MobileViTv2_context_only,P0,P2_MobileViTv2,metric(model_a) - metric(model_b),overall-system context; not an isolated architecture effect,mean_RMSE,3.9100871552234064,3.8918384722586516,2.0765604617114617,5.830708587579794,20260906,10000,231,paired_test_set_percentile
P0_vs_P2_MobileViTv2_context_only,P0,P2_MobileViTv2,metric(model_a) - metric(model_b),overall-system context; not an isolated architecture effect,mean_MAE,2.4975883703463215,2.496512070260844,1.3694578940746753,3.7017027979761896,20260906,10000,231,paired_test_set_percentile
