scope_c_artifact,scope_c_sha256,matched_scope,matched_path,matched_sha256,byte_identical,classification,lineage_implication
Soil_Labeled_Data/soilNet_di chuyen tu o C/checkpoints_VicReg/finetune_mu_23.0.pth,5bf0da9d18229665bf69548c884f76886e00626ef86c1c013ba03307e1245e30,NONE,,,False,UNIQUE_DATA_ROOT_ARTIFACT,No Scope A/B SHA match; within-Scope-C copies with this hash: 1.
Soil_Labeled_Data/soilNet_di chuyen tu o C/checkpoints_VicReg/finetune_mu_25.0.pth,893c229eb3c1fe88fcb6163097cc82f4fa92623df6abc92f0a1c608acc7691e2,NONE,,,False,UNIQUE_DATA_ROOT_ARTIFACT,No Scope A/B SHA match; within-Scope-C copies with this hash: 1.
Soil_Labeled_Data/soilNet_di chuyen tu o C/checkpoints_VicReg/finetune_mu_27.0.pth,a34876c035f307844a70a89ff053edc20758e9ac1af035ba5bdb8aba04daa392,NONE,,,False,UNIQUE_DATA_ROOT_ARTIFACT,No Scope A/B SHA match; within-Scope-C copies with this hash: 1.
Soil_Labeled_Data/soilNet_di chuyen tu o C/checkpoints_VicReg/finetune_mu_30.0.pth,51cd9cd7d9d2c2a3d3b472040b1434b1d7dbe21907615d570e50397aba629351,NONE,,,False,UNIQUE_DATA_ROOT_ARTIFACT,No Scope A/B SHA match; within-Scope-C copies with this hash: 1.
Soil_Labeled_Data/soilNet_di chuyen tu o C/checkpoints_VicReg/finetune_mu_33.0.pth,b286fe7b5797f71f1ab2a72160078ed8bf394b97d6d29bfbcaa7ac456772cbeb,NONE,,,False,UNIQUE_DATA_ROOT_ARTIFACT,No Scope A/B SHA match; within-Scope-C copies with this hash: 1.
Soil_Labeled_Data/soilNet_di chuyen tu o C/checkpoints_VicReg/finetune_mu_40.0.pth,3e0b6f3429238a120ca26c3cf4282fa1d84a2f67da83c23fbb64b61bbb5fd5e5,NONE,,,False,UNIQUE_DATA_ROOT_ARTIFACT,No Scope A/B SHA match; within-Scope-C copies with this hash: 1.
Soil_Labeled_Data/soilNet_di chuyen tu o C/checkpoints_VicReg/vicreg_classifier_final_mu_10.0.pth,76a07f9ca56410e6c3ff48ccc7ced18bc763949dfa51117ef33624a16228fdc8,NONE,,,False,UNIQUE_DATA_ROOT_ARTIFACT,No Scope A/B SHA match; within-Scope-C copies with this hash: 1.
Soil_Labeled_Data/soilNet_di chuyen tu o C/checkpoints_VicReg/vicreg_classifier_final_mu_2.0.pth,a8c8fd4d65837ce0303ee8316acd089c5ab3b4aeb924968d5d891205909ab824,NONE,,,False,UNIQUE_DATA_ROOT_ARTIFACT,No Scope A/B SHA match; within-Scope-C copies with this hash: 1.
Soil_Labeled_Data/soilNet_di chuyen tu o C/checkpoints_VicReg/vicreg_classifier_final_mu_20.0.pth,3a8564c90ced48552bec012efe8c40f81bb785d219515feca51815f4c5d70aaa,NONE,,,False,UNIQUE_DATA_ROOT_ARTIFACT,No Scope A/B SHA match; within-Scope-C copies with this hash: 1.
Soil_Labeled_Data/soilNet_di chuyen tu o C/checkpoints_VicReg/vicreg_classifier_final_mu_23.0.pth,7ffb8c475bf7418182d86d555cd45f42a83581f9d0146864835c6fe3020e522e,NONE,,,False,UNIQUE_DATA_ROOT_ARTIFACT,No Scope A/B SHA match; within-Scope-C copies with this hash: 1.
Soil_Labeled_Data/soilNet_di chuyen tu o C/checkpoints_VicReg/vicreg_classifier_final_mu_25.0.pth,fa3ebec007a3803489918e4e062167caea201130c4db78553c9fbe49704f05d8,NONE,,,False,UNIQUE_DATA_ROOT_ARTIFACT,No Scope A/B SHA match; within-Scope-C copies with this hash: 1.
Soil_Labeled_Data/soilNet_di chuyen tu o C/checkpoints_VicReg/vicreg_classifier_final_mu_27.0.pth,24c94503d8a39e308f03aff34df27879e17f77f66abcddbb0cb3606e83386d0f,NONE,,,False,UNIQUE_DATA_ROOT_ARTIFACT,No Scope A/B SHA match; within-Scope-C copies with this hash: 1.
Soil_Labeled_Data/soilNet_di chuyen tu o C/checkpoints_VicReg/vicreg_classifier_final_mu_30.0.pth,19197f1b66c044fb69911a5e1124292a6f5f77c0ff1d35b057194a6e06881fe7,NONE,,,False,UNIQUE_DATA_ROOT_ARTIFACT,No Scope A/B SHA match; within-Scope-C copies with this hash: 1.
Soil_Labeled_Data/soilNet_di chuyen tu o C/checkpoints_VicReg/vicreg_classifier_final_mu_33.0.pth,b724531a7d0d69db21a687fd90e1c55c052f2138cc2f7e12774df4a2868fe7a9,NONE,,,False,UNIQUE_DATA_ROOT_ARTIFACT,No Scope A/B SHA match; within-Scope-C copies with this hash: 1.
Soil_Labeled_Data/soilNet_di chuyen tu o C/checkpoints_VicReg/vicreg_classifier_final_mu_40.0.pth,14b4520dc825142b158789ba8bbbc81c2018905944465ee60cd23b15b0378b44,NONE,,,False,UNIQUE_DATA_ROOT_ARTIFACT,No Scope A/B SHA match; within-Scope-C copies with this hash: 1.
Soil_Labeled_Data/soilNet_di chuyen tu o C/checkpoints_VicReg/vicreg_classifier_final_mu_80.0.pth,fec6bce1498e9fb69c2da6ab8b91208a59d14fd1453ec36e8957f1b17ef723c2,NONE,,,False,UNIQUE_DATA_ROOT_ARTIFACT,No Scope A/B SHA match; within-Scope-C copies with this hash: 1.
Soil_Labeled_Data/soilNet_di chuyen tu o C/checkpoints_VicReg/vicreg_linear_reg_final_mu_10.0.pth,c68f8f5f979b1f0d9a5369160e0c0677b68ee21776ff4ffc8eefa7918c254055,NONE,,,False,UNIQUE_DATA_ROOT_ARTIFACT,No Scope A/B SHA match; within-Scope-C copies with this hash: 1.
Soil_Labeled_Data/soilNet_di chuyen tu o C/checkpoints_VicReg/vicreg_linear_reg_final_mu_2.0.pth,9bdddb94afe6c728b3c7d8f104e507a769a23d04861e8a279c76931b4f5dd3a2,NONE,,,False,UNIQUE_DATA_ROOT_ARTIFACT,No Scope A/B SHA match; within-Scope-C copies with this hash: 1.
Soil_Labeled_Data/soilNet_di chuyen tu o C/checkpoints_VicReg/vicreg_linear_reg_final_mu_20.0.pth,212bbde1295facb9a7cb6a700330634138bf7f67b9df9f8c1798353ef423d525,NONE,,,False,UNIQUE_DATA_ROOT_ARTIFACT,No Scope A/B SHA match; within-Scope-C copies with this hash: 1.
Soil_Labeled_Data/soilNet_di chuyen tu o C/checkpoints_VicReg/vicreg_linear_reg_final_mu_23.0.pth,1bee9b79321dfb7292a8ea8f5d02da5a9330a4c3e8bce1960f38ead0fdc6f36c,NONE,,,False,UNIQUE_DATA_ROOT_ARTIFACT,No Scope A/B SHA match; within-Scope-C copies with this hash: 1.
Soil_Labeled_Data/soilNet_di chuyen tu o C/checkpoints_VicReg/vicreg_linear_reg_final_mu_25.0.pth,fee45784761218ce2cf63fc9678c8ba3ca621b7ce2744625665c47ca4d638259,NONE,,,False,UNIQUE_DATA_ROOT_ARTIFACT,No Scope A/B SHA match; within-Scope-C copies with this hash: 1.
Soil_Labeled_Data/soilNet_di chuyen tu o C/checkpoints_VicReg/vicreg_linear_reg_final_mu_27.0.pth,c22c47ef53d5f8a030314e9a315ac482d266f129b7424b794c52c83841d15acd,NONE,,,False,UNIQUE_DATA_ROOT_ARTIFACT,No Scope A/B SHA match; within-Scope-C copies with this hash: 1.
Soil_Labeled_Data/soilNet_di chuyen tu o C/checkpoints_VicReg/vicreg_linear_reg_final_mu_30.0.pth,c34163a620b9b14b5314ded00b4c9cd51688f31c36b285366ead681af9112fab,NONE,,,False,UNIQUE_DATA_ROOT_ARTIFACT,No Scope A/B SHA match; within-Scope-C copies with this hash: 1.
Soil_Labeled_Data/soilNet_di chuyen tu o C/checkpoints_VicReg/vicreg_linear_reg_final_mu_33.0.pth,618a5e8a8f12dee48bc7b8f7d88f97205129171ca0bee6f2f7d7dcf49885d95c,NONE,,,False,UNIQUE_DATA_ROOT_ARTIFACT,No Scope A/B SHA match; within-Scope-C copies with this hash: 1.
Soil_Labeled_Data/soilNet_di chuyen tu o C/checkpoints_VicReg/vicreg_linear_reg_final_mu_40.0.pth,dbe46bcaf48df21fcd751c36fb8ec67027b4a3fef8cc3f8479711900a1388aaa,NONE,,,False,UNIQUE_DATA_ROOT_ARTIFACT,No Scope A/B SHA match; within-Scope-C copies with this hash: 1.
Soil_Labeled_Data/soilNet_di chuyen tu o C/checkpoints_VicReg/vicreg_linear_reg_final_mu_80.0.pth,68549a270f1f3700085a95c7ed1473e5657c736091b11a484cba4e2df4172958,NONE,,,False,UNIQUE_DATA_ROOT_ARTIFACT,No Scope A/B SHA match; within-Scope-C copies with this hash: 1.
Soil_Labeled_Data/soilNet_di chuyen tu o C/checkpoints_VicReg/vicreg_model_final_mu_10.0.pth,df0307271fe5ea037b87242e957fea8b5219419ffeffd7b4550a058be47b53fc,NONE,,,False,UNIQUE_DATA_ROOT_ARTIFACT,No Scope A/B SHA match; within-Scope-C copies with this hash: 1.
Soil_Labeled_Data/soilNet_di chuyen tu o C/checkpoints_VicReg/vicreg_model_final_mu_2.0.pth,15b9cf4e941cd4a4136f262be8caaa367d4def628a5c114ad00c075766630539,NONE,,,False,UNIQUE_DATA_ROOT_ARTIFACT,No Scope A/B SHA match; within-Scope-C copies with this hash: 1.
Soil_Labeled_Data/soilNet_di chuyen tu o C/checkpoints_VicReg/vicreg_model_final_mu_20.0.pth,f71c572dbcaebbc6ba267ed4cf0451a9035954e66c5d2a41b65acd2fcb84a08b,NONE,,,False,UNIQUE_DATA_ROOT_ARTIFACT,No Scope A/B SHA match; within-Scope-C copies with this hash: 1.
Soil_Labeled_Data/soilNet_di chuyen tu o C/checkpoints_VicReg/vicreg_model_final_mu_23.0.pth,a15c5bf0df93980b375770cd34968516624834a947b2c0c2a6a2da1b9e29df8a,NONE,,,False,UNIQUE_DATA_ROOT_ARTIFACT,No Scope A/B SHA match; within-Scope-C copies with this hash: 1.
Soil_Labeled_Data/soilNet_di chuyen tu o C/checkpoints_VicReg/vicreg_model_final_mu_25.0.pth,2e99ab79687e5ad3082e440ed7bcea6a0e2cf5c353464fdf91d13f694d5694ab,NONE,,,False,UNIQUE_DATA_ROOT_ARTIFACT,No Scope A/B SHA match; within-Scope-C copies with this hash: 1.
Soil_Labeled_Data/soilNet_di chuyen tu o C/checkpoints_VicReg/vicreg_model_final_mu_27.0.pth,3d43b479b9ec4ab16d920fc4a346fad39b17a72ae9bd087c98752d2b7e2c15e1,NONE,,,False,UNIQUE_DATA_ROOT_ARTIFACT,No Scope A/B SHA match; within-Scope-C copies with this hash: 1.
Soil_Labeled_Data/soilNet_di chuyen tu o C/checkpoints_VicReg/vicreg_model_final_mu_30.0.pth,0be5dc49b6a42db11182a4a2fdf8913e4b57841e3059f0cc99e6206dd9feb453,NONE,,,False,UNIQUE_DATA_ROOT_ARTIFACT,No Scope A/B SHA match; within-Scope-C copies with this hash: 1.
Soil_Labeled_Data/soilNet_di chuyen tu o C/checkpoints_VicReg/vicreg_model_final_mu_33.0.pth,59f09f208791035d58fb46ca3fb61c56a342402fa1a13dd3a1027af1c8298a16,NONE,,,False,UNIQUE_DATA_ROOT_ARTIFACT,No Scope A/B SHA match; within-Scope-C copies with this hash: 1.
Soil_Labeled_Data/soilNet_di chuyen tu o C/checkpoints_VicReg/vicreg_model_final_mu_40.0.pth,01ed4ecadb7cc518f245095e93a5af4d1b34c6fbb75f2192cc91e2eb2bd465fb,NONE,,,False,UNIQUE_DATA_ROOT_ARTIFACT,No Scope A/B SHA match; within-Scope-C copies with this hash: 1.
Soil_Labeled_Data/soilNet_di chuyen tu o C/checkpoints_VicReg/vicreg_model_final_mu_80.0.pth,73dbadc9cf1caa59d75faf4078f2453c8cfbc800a90d351d0ad90080327d6a91,NONE,,,False,UNIQUE_DATA_ROOT_ARTIFACT,No Scope A/B SHA match; within-Scope-C copies with this hash: 1.
Soil_Labeled_Data/soilNet_di chuyen tu o C/checkpoints_VicReg/vicreg_model_final_tinyImageNet_mu_20.0.pth,404b6cf3662da113b7c78dddd3548813d5f966d93895b883242d59498a9e59df,NONE,,,False,UNIQUE_DATA_ROOT_ARTIFACT,No Scope A/B SHA match; within-Scope-C copies with this hash: 1.
Soil_Labeled_Data/soilNet_di chuyen tu o C/checkpoints_VicReg/vicreg_projector_final_mu_10.0.pth,22f8b2d2e13ce78db4db2b514f8260a1bc8f2f924fc69f510de150386e2decfa,NONE,,,False,UNIQUE_DATA_ROOT_ARTIFACT,No Scope A/B SHA match; within-Scope-C copies with this hash: 1.
Soil_Labeled_Data/soilNet_di chuyen tu o C/checkpoints_VicReg/vicreg_projector_final_mu_2.0.pth,b5e716ac1d5ca584ad843b0ec636e6c45dbfeecf25b6356e7e8596e57bea2b20,NONE,,,False,UNIQUE_DATA_ROOT_ARTIFACT,No Scope A/B SHA match; within-Scope-C copies with this hash: 1.
Soil_Labeled_Data/soilNet_di chuyen tu o C/checkpoints_VicReg/vicreg_projector_final_mu_20.0.pth,01b349aa15a6d67a1d2f9507799f1b4aea291357fd2b8d5d53350cf34b2e06c8,NONE,,,False,UNIQUE_DATA_ROOT_ARTIFACT,No Scope A/B SHA match; within-Scope-C copies with this hash: 1.
Soil_Labeled_Data/soilNet_di chuyen tu o C/checkpoints_VicReg/vicreg_projector_final_mu_23.0.pth,9fdf19cc605ea41620117c8f3088c068d055aa9c75fbb7151927224aa9dfbd34,NONE,,,False,UNIQUE_DATA_ROOT_ARTIFACT,No Scope A/B SHA match; within-Scope-C copies with this hash: 1.
Soil_Labeled_Data/soilNet_di chuyen tu o C/checkpoints_VicReg/vicreg_projector_final_mu_25.0.pth,fe651a5894d5b3818b5e8c16b320be2911c42e6d6b137ed897751828f2042f2f,NONE,,,False,UNIQUE_DATA_ROOT_ARTIFACT,No Scope A/B SHA match; within-Scope-C copies with this hash: 1.
Soil_Labeled_Data/soilNet_di chuyen tu o C/checkpoints_VicReg/vicreg_projector_final_mu_27.0.pth,6929e054b1f0628a86c6fb4bd0e4a1b578e854058e8f6b92f4bff77e31725420,NONE,,,False,UNIQUE_DATA_ROOT_ARTIFACT,No Scope A/B SHA match; within-Scope-C copies with this hash: 1.
Soil_Labeled_Data/soilNet_di chuyen tu o C/checkpoints_VicReg/vicreg_projector_final_mu_30.0.pth,be92a8e47cd54b6b144b8efe6a6b86f64c7ed56b29761e7ac70c275243e24f1a,NONE,,,False,UNIQUE_DATA_ROOT_ARTIFACT,No Scope A/B SHA match; within-Scope-C copies with this hash: 1.
Soil_Labeled_Data/soilNet_di chuyen tu o C/checkpoints_VicReg/vicreg_projector_final_mu_33.0.pth,676dd623e3d8263e93c86f7f46fc5200993ce41e6903e2ce1bf53d8e1efe0ca1,NONE,,,False,UNIQUE_DATA_ROOT_ARTIFACT,No Scope A/B SHA match; within-Scope-C copies with this hash: 1.
Soil_Labeled_Data/soilNet_di chuyen tu o C/checkpoints_VicReg/vicreg_projector_final_mu_40.0.pth,9f07ddb3e0044d663fabed57c82f76fd063fd98471bc3ebb2baebffa4305c019,NONE,,,False,UNIQUE_DATA_ROOT_ARTIFACT,No Scope A/B SHA match; within-Scope-C copies with this hash: 1.
Soil_Labeled_Data/soilNet_di chuyen tu o C/checkpoints_VicReg/vicreg_projector_final_mu_80.0.pth,278c101d74df25b2c80e0542e31669dfb1ee09ca53c675f742c573c147a51e3c,NONE,,,False,UNIQUE_DATA_ROOT_ARTIFACT,No Scope A/B SHA match; within-Scope-C copies with this hash: 1.
Soil_Labeled_Data/soilNet_di chuyen tu o C/checkpoints_VicReg_tinyImagenet/vicreg_classifier_final_mu_20.0.pth,084344a12ac36e0e246363ddf2fa1538aaa83fc55c71d358db3670863d40a2c7,NONE,,,False,UNIQUE_DATA_ROOT_ARTIFACT,No Scope A/B SHA match; within-Scope-C copies with this hash: 1.
Soil_Labeled_Data/soilNet_di chuyen tu o C/checkpoints_VicReg_tinyImagenet/vicreg_classifier_final_mu_23.0.pth,468acc942d08d2502acefea4579cbcf5579514dc1e6d8e5c775089910a7565fc,NONE,,,False,UNIQUE_DATA_ROOT_ARTIFACT,No Scope A/B SHA match; within-Scope-C copies with this hash: 1.
Soil_Labeled_Data/soilNet_di chuyen tu o C/checkpoints_VicReg_tinyImagenet/vicreg_classifier_final_mu_25.0.pth,b88486d41fe54b8f72c59dfd2fc32ada1659c095453aa20cc90469c5bdb804f4,NONE,,,False,UNIQUE_DATA_ROOT_ARTIFACT,No Scope A/B SHA match; within-Scope-C copies with this hash: 1.
Soil_Labeled_Data/soilNet_di chuyen tu o C/checkpoints_VicReg_tinyImagenet/vicreg_classifier_final_mu_27.0.pth,49ca7e91bf3c90f7e08589ab5bae12a825f484ab64f234d6f880d09d3cdff0d2,NONE,,,False,UNIQUE_DATA_ROOT_ARTIFACT,No Scope A/B SHA match; within-Scope-C copies with this hash: 1.
Soil_Labeled_Data/soilNet_di chuyen tu o C/checkpoints_VicReg_tinyImagenet/vicreg_classifier_final_mu_30.0.pth,9b4165f8982a913f657866beb669f21eace64e757b5dbf32071d7fd4a505dec0,NONE,,,False,UNIQUE_DATA_ROOT_ARTIFACT,No Scope A/B SHA match; within-Scope-C copies with this hash: 1.
Soil_Labeled_Data/soilNet_di chuyen tu o C/checkpoints_VicReg_tinyImagenet/vicreg_classifier_final_mu_33.0.pth,03f8d050f9067cb3426fd8bcfbb800027914ee04dbf1a02f2f5e83decb02fc8b,NONE,,,False,UNIQUE_DATA_ROOT_ARTIFACT,No Scope A/B SHA match; within-Scope-C copies with this hash: 1.
Soil_Labeled_Data/soilNet_di chuyen tu o C/checkpoints_VicReg_tinyImagenet/vicreg_linear_reg_final_mu_20.0.pth,b86ffed8b4d7c819c1f73546a42d53fbf615bb32c72f4251c48afc572014c92a,NONE,,,False,UNIQUE_DATA_ROOT_ARTIFACT,No Scope A/B SHA match; within-Scope-C copies with this hash: 1.
Soil_Labeled_Data/soilNet_di chuyen tu o C/checkpoints_VicReg_tinyImagenet/vicreg_linear_reg_final_mu_23.0.pth,331b707aee8c5e9355bc9a55eb6d4daa7ebc00c9a00e1680ec1b1ee44b2a5b05,NONE,,,False,UNIQUE_DATA_ROOT_ARTIFACT,No Scope A/B SHA match; within-Scope-C copies with this hash: 1.
Soil_Labeled_Data/soilNet_di chuyen tu o C/checkpoints_VicReg_tinyImagenet/vicreg_linear_reg_final_mu_25.0.pth,d4c3ebb64089942326b1f02a7f60a71ab1c8160b7e8e31d5a69bb79d008c8f86,NONE,,,False,UNIQUE_DATA_ROOT_ARTIFACT,No Scope A/B SHA match; within-Scope-C copies with this hash: 1.
Soil_Labeled_Data/soilNet_di chuyen tu o C/checkpoints_VicReg_tinyImagenet/vicreg_linear_reg_final_mu_27.0.pth,ce38d310ab88a83afb09aef3b75d9c4cc13cb6549bf621791c0969b244b73b2b,NONE,,,False,UNIQUE_DATA_ROOT_ARTIFACT,No Scope A/B SHA match; within-Scope-C copies with this hash: 1.
Soil_Labeled_Data/soilNet_di chuyen tu o C/checkpoints_VicReg_tinyImagenet/vicreg_linear_reg_final_mu_30.0.pth,8075a3a8170253f7bdf242ab9221490318d7e7b162b50d96f83267989e51e6b5,NONE,,,False,UNIQUE_DATA_ROOT_ARTIFACT,No Scope A/B SHA match; within-Scope-C copies with this hash: 1.
Soil_Labeled_Data/soilNet_di chuyen tu o C/checkpoints_VicReg_tinyImagenet/vicreg_linear_reg_final_mu_33.0.pth,c994b69e414585c5fc6ae475803298a289f3858a3866b0f8b6ce6f82ae6bff05,NONE,,,False,UNIQUE_DATA_ROOT_ARTIFACT,No Scope A/B SHA match; within-Scope-C copies with this hash: 1.
Soil_Labeled_Data/soilNet_di chuyen tu o C/checkpoints_VicReg_tinyImagenet/vicreg_model_final_mu_20.0.pth,2b7117fcc91f0bb20ce34310078810a2fc0fd9b3b3f815aac48269253d199c6b,NONE,,,False,UNIQUE_DATA_ROOT_ARTIFACT,No Scope A/B SHA match; within-Scope-C copies with this hash: 1.
Soil_Labeled_Data/soilNet_di chuyen tu o C/checkpoints_VicReg_tinyImagenet/vicreg_model_final_mu_23.0.pth,bc6b25e52e042d67d587b5d0f608701ea0292d372a64ce4646691c38d51c66d8,NONE,,,False,UNIQUE_DATA_ROOT_ARTIFACT,No Scope A/B SHA match; within-Scope-C copies with this hash: 1.
Soil_Labeled_Data/soilNet_di chuyen tu o C/checkpoints_VicReg_tinyImagenet/vicreg_model_final_mu_25.0.pth,af33f55e5b71eff91fbc6b047872702e17484ce83645dc62fad1a0616f3e867f,NONE,,,False,UNIQUE_DATA_ROOT_ARTIFACT,No Scope A/B SHA match; within-Scope-C copies with this hash: 1.
Soil_Labeled_Data/soilNet_di chuyen tu o C/checkpoints_VicReg_tinyImagenet/vicreg_model_final_mu_27.0.pth,b15d47b3e9b69866e806493859a653945800e9eae39cd77130b0a77deb094a80,NONE,,,False,UNIQUE_DATA_ROOT_ARTIFACT,No Scope A/B SHA match; within-Scope-C copies with this hash: 1.
Soil_Labeled_Data/soilNet_di chuyen tu o C/checkpoints_VicReg_tinyImagenet/vicreg_model_final_mu_30.0.pth,4b9cde14158fcfd6a2b9a3d31bb483978af4f07a30b76764bb270b9ee265b4c8,NONE,,,False,UNIQUE_DATA_ROOT_ARTIFACT,No Scope A/B SHA match; within-Scope-C copies with this hash: 1.
Soil_Labeled_Data/soilNet_di chuyen tu o C/checkpoints_VicReg_tinyImagenet/vicreg_model_final_mu_33.0.pth,6f99b74c9bb2051cd37e221280dd59ce28c6ae16d5c669f2bf619591e0b27a8f,NONE,,,False,UNIQUE_DATA_ROOT_ARTIFACT,No Scope A/B SHA match; within-Scope-C copies with this hash: 1.
Soil_Labeled_Data/soilNet_di chuyen tu o C/checkpoints_VicReg_tinyImagenet/vicreg_model_final_tinyImageNet_mu_20.0.pth,8e64f6898656a2192ea0769d56c78597e6ebad8c961212541f9ed4bcd77492cf,LEGACY_GITHUB,vicreg_model_final_tinyImageNet_mu_20.0.pth,8e64f6898656a2192ea0769d56c78597e6ebad8c961212541f9ed4bcd77492cf,True,EXACT_DUPLICATE_GITHUB,Same bytes across scopes; publish at most one approved copy.
Soil_Labeled_Data/soilNet_di chuyen tu o C/checkpoints_VicReg_tinyImagenet/vicreg_model_final_tinyImageNet_mu_23.0.pth,8fcecd49fbe72fed83add29022fc8dc11fc99352b4e38e11349eb256a5732aa2,LEGACY_GITHUB,vicreg_model_final_tinyImageNet_mu_23.0.pth,8fcecd49fbe72fed83add29022fc8dc11fc99352b4e38e11349eb256a5732aa2,True,EXACT_DUPLICATE_GITHUB,Same bytes across scopes; publish at most one approved copy.
Soil_Labeled_Data/soilNet_di chuyen tu o C/checkpoints_VicReg_tinyImagenet/vicreg_model_final_tinyImageNet_mu_25.0.pth,cd98e7e59a49b87e9afb4146220b616122252042f94a57fef2d766a69bedb3e7,NONE,,,False,UNIQUE_DATA_ROOT_ARTIFACT,No Scope A/B SHA match; within-Scope-C copies with this hash: 1.
Soil_Labeled_Data/soilNet_di chuyen tu o C/checkpoints_VicReg_tinyImagenet/vicreg_model_final_tinyImageNet_mu_27.0.pth,2919012a6a6e585f6a3cb2762415c811abae8119e3196fce15afdf3389ee17c1,LEGACY_GITHUB,vicreg_model_final_tinyImageNet_mu_27.0.pth,2919012a6a6e585f6a3cb2762415c811abae8119e3196fce15afdf3389ee17c1,True,EXACT_DUPLICATE_GITHUB,Same bytes across scopes; publish at most one approved copy.
Soil_Labeled_Data/soilNet_di chuyen tu o C/checkpoints_VicReg_tinyImagenet/vicreg_model_final_tinyImageNet_mu_30.0.pth,480318812d920065cfcc43d29531dbe71947e610e5ae4f2021e3f83cbdddc8ff,NONE,,,False,UNIQUE_DATA_ROOT_ARTIFACT,No Scope A/B SHA match; within-Scope-C copies with this hash: 1.
Soil_Labeled_Data/soilNet_di chuyen tu o C/checkpoints_VicReg_tinyImagenet/vicreg_model_final_tinyImageNet_mu_33.0.pth,87df6bc8978ccd387cd1207b3509d1a5fba26fd5d4d38a0b94e9d926529f8b9b,NONE,,,False,UNIQUE_DATA_ROOT_ARTIFACT,No Scope A/B SHA match; within-Scope-C copies with this hash: 1.
Soil_Labeled_Data/soilNet_di chuyen tu o C/checkpoints_VicReg_tinyImagenet/vicreg_projector_final_mu_20.0.pth,eb833acb6e4d4c8ffcc473b4e2844565f9febe893d1890c3c0e1a54e0d83145c,NONE,,,False,UNIQUE_DATA_ROOT_ARTIFACT,No Scope A/B SHA match; within-Scope-C copies with this hash: 1.
Soil_Labeled_Data/soilNet_di chuyen tu o C/checkpoints_VicReg_tinyImagenet/vicreg_projector_final_mu_23.0.pth,c8c138d70d767fbfadde032265b06a4691cbdd85123f4dd6449e6e8c31e2c514,NONE,,,False,UNIQUE_DATA_ROOT_ARTIFACT,No Scope A/B SHA match; within-Scope-C copies with this hash: 1.
Soil_Labeled_Data/soilNet_di chuyen tu o C/checkpoints_VicReg_tinyImagenet/vicreg_projector_final_mu_25.0.pth,1727d72c10a677f2d9a12014987f36639455bd9a636edbc1763e7b514b85d29a,NONE,,,False,UNIQUE_DATA_ROOT_ARTIFACT,No Scope A/B SHA match; within-Scope-C copies with this hash: 1.
Soil_Labeled_Data/soilNet_di chuyen tu o C/checkpoints_VicReg_tinyImagenet/vicreg_projector_final_mu_27.0.pth,c26e9fdd99c61460011db32c06e236783e03c1ea24200e0776cd696ae3931a87,NONE,,,False,UNIQUE_DATA_ROOT_ARTIFACT,No Scope A/B SHA match; within-Scope-C copies with this hash: 1.
Soil_Labeled_Data/soilNet_di chuyen tu o C/checkpoints_VicReg_tinyImagenet/vicreg_projector_final_mu_30.0.pth,7da47573ea30e2e27024ee0e1bfe96b2f75902bb489e5183b3cbc8dea28c404d,NONE,,,False,UNIQUE_DATA_ROOT_ARTIFACT,No Scope A/B SHA match; within-Scope-C copies with this hash: 1.
Soil_Labeled_Data/soilNet_di chuyen tu o C/checkpoints_VicReg_tinyImagenet/vicreg_projector_final_mu_33.0.pth,41986dc5108c2806a34f87bc04db32683ab957a97a1079f4531d84b16e6235ed,NONE,,,False,UNIQUE_DATA_ROOT_ARTIFACT,No Scope A/B SHA match; within-Scope-C copies with this hash: 1.
Soil_Labeled_Data/soilNet_di chuyen tu o C/Experiment 3 SOTA/Code/trained_models_SOTA/efficientnet_b0_entire.pth,bccc3e541d769518c17659012c802d881906be1d54c9d08e87314c4c6243050f,NONE,,,False,UNIQUE_DATA_ROOT_ARTIFACT,No Scope A/B SHA match; within-Scope-C copies with this hash: 1.
Soil_Labeled_Data/soilNet_di chuyen tu o C/Experiment 3 SOTA/Code/trained_models_SOTA/efficientnet_b0_full.pth,beadb019c422f04deb03bf9bd7b3249a4c706065b483d55f24f80578b4ae4f20,NONE,,,False,UNIQUE_DATA_ROOT_ARTIFACT,No Scope A/B SHA match; within-Scope-C copies with this hash: 1.
Soil_Labeled_Data/soilNet_di chuyen tu o C/Experiment 3 SOTA/Code/trained_models_SOTA/mobilenetv2_100_entire.pth,ffaea3e09ddf0a5ce42c916fb2d9ceee6cebb2110239e5644eb0968362c8a033,NONE,,,False,UNIQUE_DATA_ROOT_ARTIFACT,No Scope A/B SHA match; within-Scope-C copies with this hash: 1.
Soil_Labeled_Data/soilNet_di chuyen tu o C/Experiment 3 SOTA/Code/trained_models_SOTA/mobilenetv2_100_full.pth,caff88e6b51dd5931ea6ddccb0787098b411293416d49112cfda6cbeaf98277c,NONE,,,False,UNIQUE_DATA_ROOT_ARTIFACT,No Scope A/B SHA match; within-Scope-C copies with this hash: 1.
Soil_Labeled_Data/soilNet_di chuyen tu o C/Experiment 3 SOTA/Code/trained_models_SOTA/mobilevit_s_entire.pth,9fc773653377f7c9967f29138156f49bfa08fd8b5d7adb31b90031b0ea592a52,NONE,,,False,UNIQUE_DATA_ROOT_ARTIFACT,No Scope A/B SHA match; within-Scope-C copies with this hash: 1.
Soil_Labeled_Data/soilNet_di chuyen tu o C/Experiment 3 SOTA/Code/trained_models_SOTA/mobilevit_s_full.pth,062605a40a2dca18d8d730aae8e6c346caa5c5800b93208331caaaa8106c1fd7,NONE,,,False,UNIQUE_DATA_ROOT_ARTIFACT,No Scope A/B SHA match; within-Scope-C copies with this hash: 1.
Soil_Labeled_Data/soilNet_di chuyen tu o C/Experiment 3 SOTA/Code/trained_models_SOTA/mobilevitv2_050_entire.pth,0b261d6ce716a84621504469e3c16d01a79e646857f0fe7356751d5de2257bba,NONE,,,False,UNIQUE_DATA_ROOT_ARTIFACT,No Scope A/B SHA match; within-Scope-C copies with this hash: 1.
Soil_Labeled_Data/soilNet_di chuyen tu o C/Experiment 3 SOTA/Code/trained_models_SOTA/mobilevitv2_050_full.pth,2dabd8c56d6c71afc13d7825040a03f730f2130a74609b3cfc200f61b9e591e5,NONE,,,False,UNIQUE_DATA_ROOT_ARTIFACT,No Scope A/B SHA match; within-Scope-C copies with this hash: 1.
Soil_Labeled_Data/soilNet_di chuyen tu o C/finetune_update/Best_finetuned_VicReg_mu_20.pth,9ecab98fc4b0ba220f00361c011853456adce5900e9daba604c3ac359f25f020,NONE,,,False,UNIQUE_DATA_ROOT_ARTIFACT,No Scope A/B SHA match; within-Scope-C copies with this hash: 1.
Soil_Labeled_Data/soilNet_di chuyen tu o C/finetune_update/Best_finetuned_VicReg_mu_23.pth,b041238df27a184e6b6c5e2a58feedd8f9f6b230d8bedc5003e04b22327185c0,NONE,,,False,UNIQUE_DATA_ROOT_ARTIFACT,No Scope A/B SHA match; within-Scope-C copies with this hash: 1.
Soil_Labeled_Data/soilNet_di chuyen tu o C/finetune_update/Best_finetuned_VicReg_mu_25.pth,04ef87796b709daea2ab7b5f728db015e0d09db8105eb3d3b06e3e451105bbd6,LEGACY_GITHUB,Best_finetuned_VicReg_mu_25.pth,04ef87796b709daea2ab7b5f728db015e0d09db8105eb3d3b06e3e451105bbd6,True,EXACT_DUPLICATE_GITHUB,Same bytes across scopes; publish at most one approved copy.
Soil_Labeled_Data/soilNet_di chuyen tu o C/finetune_update/Best_finetuned_VicReg_mu_27.pth,c14cc5102545ddfbd0be60e611138309231ee185597c415043bb5f9dce188971,NONE,,,False,UNIQUE_DATA_ROOT_ARTIFACT,No Scope A/B SHA match; within-Scope-C copies with this hash: 1.
Soil_Labeled_Data/soilNet_di chuyen tu o C/finetune_update/Best_finetuned_VicReg_mu_30.pth,1e1ca8c55be4f0707edc14187d855e561d154686f4386f93e6a2b1e97f08598d,NONE,,,False,UNIQUE_DATA_ROOT_ARTIFACT,No Scope A/B SHA match; within-Scope-C copies with this hash: 1.
Soil_Labeled_Data/soilNet_di chuyen tu o C/finetune_update/Best_finetuned_VicReg_mu_33.pth,b8375740dcf7c86541d00a282240e7c75eb786b3259177c27dbf0a5f18e7a4e1,NONE,,,False,UNIQUE_DATA_ROOT_ARTIFACT,No Scope A/B SHA match; within-Scope-C copies with this hash: 1.
Soil_Labeled_Data/soilNet_di chuyen tu o C/finetune_update/Best_finetuned_VicReg_TinyImageNet_mu_20.pth,ea91a0d6daf19f43e3d46f4c0c6c7cd2917c03a93fd8edb2a57c56d032fdde7d,NONE,,,False,UNIQUE_DATA_ROOT_ARTIFACT,No Scope A/B SHA match; within-Scope-C copies with this hash: 1.
Soil_Labeled_Data/soilNet_di chuyen tu o C/finetune_update/Best_finetuned_VicReg_TinyImageNet_mu_23.pth,4b166e851277f89fbdcab0b327c024ee8c72d8f96b042194b9ffd45624e82407,NONE,,,False,UNIQUE_DATA_ROOT_ARTIFACT,No Scope A/B SHA match; within-Scope-C copies with this hash: 1.
Soil_Labeled_Data/soilNet_di chuyen tu o C/finetune_update/Best_finetuned_VicReg_TinyImageNet_mu_25.pth,9569f31e877280391ce1d9cb9b446e764e2c3ec5f0a55cbf7086391452aca522,NONE,,,False,UNIQUE_DATA_ROOT_ARTIFACT,No Scope A/B SHA match; within-Scope-C copies with this hash: 1.
Soil_Labeled_Data/soilNet_di chuyen tu o C/finetune_update/Best_finetuned_VicReg_TinyImageNet_mu_27.pth,ce182aa77a2e1f5b00802f10ccd22acee7c1b8fe41e06141bccb221988f09127,NONE,,,False,UNIQUE_DATA_ROOT_ARTIFACT,No Scope A/B SHA match; within-Scope-C copies with this hash: 1.
Soil_Labeled_Data/soilNet_di chuyen tu o C/finetune_update/Best_finetuned_VicReg_TinyImageNet_mu_30.pth,77747b41967faa23fc101e92372b55ca6467e37a2324dc041ab2634471b6ec82,NONE,,,False,UNIQUE_DATA_ROOT_ARTIFACT,No Scope A/B SHA match; within-Scope-C copies with this hash: 1.
Soil_Labeled_Data/soilNet_di chuyen tu o C/finetune_update/Best_finetuned_VicReg_TinyImageNet_mu_33.pth,e6bf990dca8abdeb4d3be842f8ac9ab03bf6152541d8d06c9084cf26f3d79225,NONE,,,False,UNIQUE_DATA_ROOT_ARTIFACT,No Scope A/B SHA match; within-Scope-C copies with this hash: 1.
Soil_Labeled_Data/soilNet_di chuyen tu o C/Model/SoilNet_best.pth,7deb4cd4f16113fcffc64f656b81d362bada4e272f1876896093dcb684a1c890,NONE,,,False,UNIQUE_DATA_ROOT_ARTIFACT,No Scope A/B SHA match; within-Scope-C copies with this hash: 2.
Soil_Labeled_Data/soilNet_di chuyen tu o C/Model/SoilNet_orginal.pth,7fbfac2b637613c6f48b3fef6f2c56be07080eedfba73da1d2b553e0b41f3631,NONE,,,False,UNIQUE_DATA_ROOT_ARTIFACT,No Scope A/B SHA match; within-Scope-C copies with this hash: 1.
Soil_Labeled_Data/soilNet_di chuyen tu o C/Model/SoilNet_orginal_20_epoch_VicReg.pth,5a433a67acff306e295df862cceae1f008e08b1a9040eaac7c564a1f51b16d06,NONE,,,False,UNIQUE_DATA_ROOT_ARTIFACT,No Scope A/B SHA match; within-Scope-C copies with this hash: 1.
Soil_Labeled_Data/soilNet_di chuyen tu o C/Model/SoilNet_orginal_20_epoch_VicReg_finetuned.pth,ea4d3de46a4a3dd3a391f7408049513e5fdd9da66472d26836a49622aef86612,NONE,,,False,UNIQUE_DATA_ROOT_ARTIFACT,No Scope A/B SHA match; within-Scope-C copies with this hash: 1.
Soil_Labeled_Data/soilNet_di chuyen tu o C/Model/SoilNet_orginal_50_epoch_VicReg.pth,7a56300d74b5c91d10d671b248bbacf999058236bf5e14332dfd95405f774493,NONE,,,False,UNIQUE_DATA_ROOT_ARTIFACT,No Scope A/B SHA match; within-Scope-C copies with this hash: 1.
Soil_Labeled_Data/soilNet_di chuyen tu o C/Model/SoilNet_orginal_50_epoch_VicReg_finetuned.pth,53e9e7dbf9f3de67a15b55f01e21d451fa3350bcaa7cdca76c7c5cef0971423b,NONE,,,False,UNIQUE_DATA_ROOT_ARTIFACT,No Scope A/B SHA match; within-Scope-C copies with this hash: 1.
Soil_Labeled_Data/soilNet_di chuyen tu o C/Model/SoilNet_pretrained_20_epoch_VicReg.pth,aa10a820b137bd1c6c6a00d6c5ca7155e5fed26b81f675967821cfc3a5df47e5,NONE,,,False,UNIQUE_DATA_ROOT_ARTIFACT,No Scope A/B SHA match; within-Scope-C copies with this hash: 1.
Soil_Labeled_Data/soilNet_di chuyen tu o C/Model/SoilNet_pretrained_20_epoch_VicReg_finetuned.pth,9396a7066b541f46f5c5bd1f1a560d3aff2694f0194c0e591e6b8ec9e462014d,NONE,,,False,UNIQUE_DATA_ROOT_ARTIFACT,No Scope A/B SHA match; within-Scope-C copies with this hash: 1.
Soil_Labeled_Data/soilNet_di chuyen tu o C/Model/SoilNet_pretrained_50_epoch_VicReg.pth,bcec49ef83c779a716bd3eb04adb000cafc66c13cc5ae1e75ffe20cd2397664a,NONE,,,False,UNIQUE_DATA_ROOT_ARTIFACT,No Scope A/B SHA match; within-Scope-C copies with this hash: 1.
Soil_Labeled_Data/soilNet_di chuyen tu o C/Model/SoilNet_pretrained_50_epoch_VicReg_finetuned.pth,7deb4cd4f16113fcffc64f656b81d362bada4e272f1876896093dcb684a1c890,NONE,,,False,UNIQUE_DATA_ROOT_ARTIFACT,No Scope A/B SHA match; within-Scope-C copies with this hash: 2.
Soil_Labeled_Data/soilNet_di chuyen tu o C/Model/Soilnet_pretrained_ImageNet.pth,ed726139b6411cae698b0eabc7a75888914270b1efa5b3ae45ff611bd760befc,NONE,,,False,UNIQUE_DATA_ROOT_ARTIFACT,No Scope A/B SHA match; within-Scope-C copies with this hash: 1.
