sha256,group_id,group_size,SM_0_min,SM_0_max,SM_0_range,SM_20_min,SM_20_max,SM_20_range,LI_min,LI_max,moisture_classes_present,paths
00905821ecc223e991a8ae79e30a1d0e96b33018482c53840d07dd7f2a6ed88b,sha256:00905821ecc223e9,2,40,53,13,40,51,11,90,94,3;5,Soil_Labeled_Data/M_30_40/L_90_100/alluvial/z5720143128222_276e4e8586100105a226ae375886a943.jpg;Soil_Labeled_Data/M_50_60/L_90_100/alluvial/z5720143128222_276e4e8586100105a226ae375886a943.jpg
1036124b03e417fccc2b2771da3daa5a7aa4639e9c0f2094e2f620f40d734ce6,sha256:1036124b03e417fc,3,32,62,30,31,64,33,82,86,3;5;6,Soil_Labeled_Data/M_30_40/L_80_90/alluvial/z5720115955016_77628ff737c4b80cdf4db3cabe679c96.jpg;Soil_Labeled_Data/M_50_60/L_80_90/alluvial/z5720115955016_77628ff737c4b80cdf4db3cabe679c96.jpg;Soil_Labeled_Data/M_60_70/L_80_90/alluvial/z5720115955016_77628ff737c4b80cdf4db3cabe679c96.jpg
152c3629f5e51fcdd37dc597a1642fce5df05fa051ff1e636ab64591586992fa,sha256:152c3629f5e51fcd,3,30,62,32,30,62,32,85,89,3;5;6,Soil_Labeled_Data/M_30_40/L_80_90/alluvial/z5720115982216_637e10bfdba8825575e6ddce9ee0b4db.jpg;Soil_Labeled_Data/M_50_60/L_80_90/alluvial/z5720115982216_637e10bfdba8825575e6ddce9ee0b4db.jpg;Soil_Labeled_Data/M_60_70/L_80_90/alluvial/z5720115982216_637e10bfdba8825575e6ddce9ee0b4db.jpg
18bc134226d0f0292404508331885ed7ec92dac7ad23953057102c75b475fc2a,sha256:18bc134226d0f029,3,37,68,31,38,66,28,81,87,3;5;6,Soil_Labeled_Data/M_30_40/L_80_90/alluvial/z5720115727413_e891a8cfc53a007f676e1bac4a0342b5.jpg;Soil_Labeled_Data/M_50_60/L_80_90/alluvial/z5720115727413_e891a8cfc53a007f676e1bac4a0342b5.jpg;Soil_Labeled_Data/M_60_70/L_80_90/alluvial/z5720115727413_e891a8cfc53a007f676e1bac4a0342b5.jpg
18bc70fb3bbd74cd8bf3ab88ec4e48b1aa2fdd6673a130490622719209b228e0,sha256:18bc70fb3bbd74cd,4,35,61,26,34,59,25,82,88,3;4;5;6,Soil_Labeled_Data/M_30_40/L_80_90/alluvial/z5720115765295_566dab2e381f475c4d17c1f90510d54b.jpg;Soil_Labeled_Data/M_40_50/L_80_90/alluvial/z5720115765295_566dab2e381f475c4d17c1f90510d54b.jpg;Soil_Labeled_Data/M_50_60/L_80_90/alluvial/z5720115765295_566dab2e381f475c4d17c1f90510d54b.jpg;Soil_Labeled_Data/M_60_70/L_80_90/alluvial/z5720115765295_566dab2e381f475c4d17c1f90510d54b.jpg
1ce12e72af799f3ef641eac772e49eaa601410979f064594ee0697444163f229,sha256:1ce12e72af799f3e,3,32,55,23,31,54,23,93,98,3;4;5,Soil_Labeled_Data/M_30_40/L_90_100/alluvial/z5720142732215_24153a5f94f1690b1290a7adb4f344d9.jpg;Soil_Labeled_Data/M_40_50/L_90_100/alluvial/z5720142732215_24153a5f94f1690b1290a7adb4f344d9.jpg;Soil_Labeled_Data/M_50_60/L_90_100/alluvial/z5720142732215_24153a5f94f1690b1290a7adb4f344d9.jpg
1d9f70a629ed7f33b5bb9dcbf9d2edf129960e30bc7d5a1fad18323eb20bc184,sha256:1d9f70a629ed7f33,2,33,51,18,35,50,15,93,95,3;5,Soil_Labeled_Data/M_30_40/L_90_100/alluvial/z5720142605939_7caf2dad0259dceaa9b82d0f49f18ce1.jpg;Soil_Labeled_Data/M_50_60/L_90_100/alluvial/z5720142605939_7caf2dad0259dceaa9b82d0f49f18ce1.jpg
22f013a0c4a1d0d774875af11dd19a5943ec5cf8b4947bac016c8b4c94101565,sha256:22f013a0c4a1d0d7,2,35,52,17,36,54,18,91,97,3;5,Soil_Labeled_Data/M_30_40/L_90_100/alluvial/z5720143103699_d6de3602e00ee02916b885433cd153ac.jpg;Soil_Labeled_Data/M_50_60/L_90_100/alluvial/z5720143103699_d6de3602e00ee02916b885433cd153ac.jpg
26bb3fee4d57dc0f3c2e373eaccb19a1a4f4b8da2c84829c5918e6d3a9e603b3,sha256:26bb3fee4d57dc0f,4,35,62,27,33,61,28,81,84,3;4;5;6,Soil_Labeled_Data/M_30_40/L_80_90/alluvial/z5720115611278_2165bd5b2e5ac713d97400eabcc65d99.jpg;Soil_Labeled_Data/M_40_50/L_80_90/alluvial/z5720115611278_2165bd5b2e5ac713d97400eabcc65d99.jpg;Soil_Labeled_Data/M_50_60/L_80_90/alluvial/z5720115611278_2165bd5b2e5ac713d97400eabcc65d99.jpg;Soil_Labeled_Data/M_60_70/L_80_90/alluvial/z5720115611278_2165bd5b2e5ac713d97400eabcc65d99.jpg
2746273450e1a7d8101832135e632930f65ff0bfb7e569ab2f263d346d531f9b,sha256:2746273450e1a7d8,2,13,19,6,15,20,5,83,89,1,Soil_Labeled_Data/M_10_20/L_80_90/alluvial/IMG_0757.JPG;Soil_Labeled_Data/M_10_20/L_80_90/alluvial/IMG_0758.JPG
28778be0bae3539683f2940129076cf100dfde68b5c5159cc728f519231fc91e,sha256:28778be0bae35396,2,38,53,15,40,55,15,90,91,3;5,Soil_Labeled_Data/M_30_40/L_90_100/alluvial/z5720143154446_d6236257ccb21858bbf8354df5e10a69.jpg;Soil_Labeled_Data/M_50_60/L_90_100/alluvial/z5720143154446_d6236257ccb21858bbf8354df5e10a69.jpg
323a8ac7e9832d5f0b28a04df602dc3fc509c5d0fbaf03cc9c92e70db03d6391,sha256:323a8ac7e9832d5f,2,39,60,21,40,60,20,90,95,3;5,Soil_Labeled_Data/M_30_40/L_90_100/alluvial/z5720143078801_9e7f2d067ac7542cc6f3b8a5bd731451.jpg;Soil_Labeled_Data/M_50_60/L_90_100/alluvial/z5720143078801_9e7f2d067ac7542cc6f3b8a5bd731451.jpg
335f93b7096fabc3a68114e8059a8e21ce0d591798de4cde573718489111b02b,sha256:335f93b7096fabc3,2,14,16,2,15,16,1,84,90,1,Soil_Labeled_Data/M_10_20/L_80_90/alluvial/IMG_0760.JPG;Soil_Labeled_Data/M_10_20/L_80_90/alluvial/IMG_0761.JPG
356b4f61f11c3f3639169e6ac8da9d34ad8d408c85fcafa9b03665c25a2c2d22,sha256:356b4f61f11c3f36,3,32,68,36,33,69,36,82,84,3;5;6,Soil_Labeled_Data/M_30_40/L_80_90/alluvial/z5720116028219_3547ed7fc4e58ca77d0a9c04ad52a29b.jpg;Soil_Labeled_Data/M_50_60/L_80_90/alluvial/z5720116028219_3547ed7fc4e58ca77d0a9c04ad52a29b.jpg;Soil_Labeled_Data/M_60_70/L_80_90/alluvial/z5720116028219_3547ed7fc4e58ca77d0a9c04ad52a29b.jpg
524dd00cf9334bab01402f9145428779b1cb96912a8f0c138dbce8e413024df2,sha256:524dd00cf9334bab,2,32,54,22,34,54,20,94,96,3;5,Soil_Labeled_Data/M_30_40/L_90_100/alluvial/z5720143138433_5a1eba502028ab521a9ccc45f968b42d.jpg;Soil_Labeled_Data/M_50_60/L_90_100/alluvial/z5720143138433_5a1eba502028ab521a9ccc45f968b42d.jpg
55f747c71cf8d43b96b8f3014da9b1f6dca9a9c5be1fbac3617b12384bcd8350,sha256:55f747c71cf8d43b,3,7,9,2,8,14,6,31,32,0,Soil_Labeled_Data/M_0_10/L_30_40/alluvial/IMG_0096.JPG;Soil_Labeled_Data/M_0_10/L_30_40/alluvial/IMG_0097.JPG;Soil_Labeled_Data/M_0_10/L_30_40/alluvial/IMG_0115.JPG
5873f295503021948402983e0b69c19684e53795933b1f0e7413811e5fe0efb1,sha256:5873f29550302194,4,33,64,31,33,63,30,80,86,3;4;5;6,Soil_Labeled_Data/M_30_40/L_80_90/alluvial/z5720116056023_3d3d361e4d7255ed7de4195fa640e456.jpg;Soil_Labeled_Data/M_40_50/L_80_90/alluvial/z5720116056023_3d3d361e4d7255ed7de4195fa640e456.jpg;Soil_Labeled_Data/M_50_60/L_80_90/alluvial/z5720116056023_3d3d361e4d7255ed7de4195fa640e456.jpg;Soil_Labeled_Data/M_60_70/L_80_90/alluvial/z5720116056023_3d3d361e4d7255ed7de4195fa640e456.jpg
5cf7cb08c11a60bc59b83cc1cb413d9026009f6b151dbbaf84695108d9c113d4,sha256:5cf7cb08c11a60bc,2,51,57,6,50,57,7,72,73,5,Soil_Labeled_Data/M_50_60/L_70_80/alluvial/IMG_0705_M_10_20_light_brown_M_30_40_light_brown.jpg;Soil_Labeled_Data/M_50_60/L_70_80/alluvial/IMG_0706_M_10_20_light_brown_M_30_40_light_brown.jpg
5d994566c0b179988accce70d34367cca75f3d938d184b5d7c8c9558266443ca,sha256:5d994566c0b17998,2,33,60,27,31,60,29,93,99,3;5,Soil_Labeled_Data/M_30_40/L_90_100/alluvial/z5720142873591_1e258c120dc7fd38c4364dc88310cf49.jpg;Soil_Labeled_Data/M_50_60/L_90_100/alluvial/z5720142873591_1e258c120dc7fd38c4364dc88310cf49.jpg
6dd61e46951640ce81a122981b61d8e716bfb01a13aa1ca5643228cd448c10c7,sha256:6dd61e46951640ce,3,40,70,30,40,69,29,86,88,3;5;6,Soil_Labeled_Data/M_30_40/L_80_90/alluvial/z5720116009994_7473d14d835476f47632659bffa27b72.jpg;Soil_Labeled_Data/M_50_60/L_80_90/alluvial/z5720116009994_7473d14d835476f47632659bffa27b72.jpg;Soil_Labeled_Data/M_60_70/L_80_90/alluvial/z5720116009994_7473d14d835476f47632659bffa27b72.jpg
7230e1cf8fc623e3ff5e052ad819fe35ff56d2740228ea685e65aeff6f9082f1,sha256:7230e1cf8fc623e3,3,37,70,33,38,68,30,84,90,3;5;6,Soil_Labeled_Data/M_30_40/L_80_90/alluvial/z5720116040527_64efc6d26d1ee063c31ac7c808603d38.jpg;Soil_Labeled_Data/M_50_60/L_80_90/alluvial/z5720116040527_64efc6d26d1ee063c31ac7c808603d38.jpg;Soil_Labeled_Data/M_60_70/L_80_90/alluvial/z5720116040527_64efc6d26d1ee063c31ac7c808603d38.jpg
75af8544493631632ecb26dbf0ebbaccebb83a95700602043d0f9d43d51d6261,sha256:75af854449363163,3,31,70,39,32,68,36,81,88,3;5;6,Soil_Labeled_Data/M_30_40/L_80_90/alluvial/z5720115869917_a1c0c0f135fb5443e070ba2cfa3f59b5.jpg;Soil_Labeled_Data/M_50_60/L_80_90/alluvial/z5720115869917_a1c0c0f135fb5443e070ba2cfa3f59b5.jpg;Soil_Labeled_Data/M_60_70/L_80_90/alluvial/z5720115869917_a1c0c0f135fb5443e070ba2cfa3f59b5.jpg
7c27eb594e080bb4138985853876a1ec96149a2328ca41c77d8d16a7120c46b6,sha256:7c27eb594e080bb4,4,14,19,5,16,19,3,92,100,1,Soil_Labeled_Data/M_10_20/L_90_100/alluvial/IMG_0794.JPG;Soil_Labeled_Data/M_10_20/L_90_100/alluvial/IMG_0795.JPG;Soil_Labeled_Data/M_10_20/L_90_100/alluvial/IMG_0797.JPG;Soil_Labeled_Data/M_10_20/L_90_100/alluvial/IMG_0798.JPG
8135a92cf1b73d22b6e345d3c2b34d93ef0ec1487efe4fb4b193d73d326db557,sha256:8135a92cf1b73d22,3,37,61,24,35,60,25,80,86,3;5;6,Soil_Labeled_Data/M_30_40/L_80_90/alluvial/z5720115908066_d971dc1911998ed5477394adeada3648.jpg;Soil_Labeled_Data/M_50_60/L_80_90/alluvial/z5720115908066_d971dc1911998ed5477394adeada3648.jpg;Soil_Labeled_Data/M_60_70/L_80_90/alluvial/z5720115908066_d971dc1911998ed5477394adeada3648.jpg
829953a83bc8f13d820098f719201103c7c52f6ee2e2dea7a03ec9a92c382984,sha256:829953a83bc8f13d,3,10,15,5,11,16,5,91,93,1,Soil_Labeled_Data/M_10_20/L_90_100/alluvial/IMG_0792.JPG;Soil_Labeled_Data/M_10_20/L_90_100/alluvial/IMG_0793.JPG;Soil_Labeled_Data/M_10_20/L_90_100/alluvial/IMG_0796.JPG
85901716749fa7f57af05ad4b6a317f26c6e420ba47d3b76e87ff45ecdfcd54d,sha256:85901716749fa7f5,3,30,57,27,31,58,27,90,100,3;4;5,Soil_Labeled_Data/M_30_40/L_90_100/alluvial/z5720142667793_1b68b578374e456dec54d6a7942a78c6.jpg;Soil_Labeled_Data/M_40_50/L_90_100/alluvial/z5720142667793_1b68b578374e456dec54d6a7942a78c6.jpg;Soil_Labeled_Data/M_50_60/L_90_100/alluvial/z5720142667793_1b68b578374e456dec54d6a7942a78c6.jpg
94810c6b3fdfa00d052e30ee95c826701f36d5f4d5e9255127c10e702b24802f,sha256:94810c6b3fdfa00d,2,31,55,24,33,56,23,95,99,3;5,Soil_Labeled_Data/M_30_40/L_90_100/alluvial/z5720143012313_856304851294ecc8b5397b9311a48d88.jpg;Soil_Labeled_Data/M_50_60/L_90_100/alluvial/z5720143012313_856304851294ecc8b5397b9311a48d88.jpg
9650caa2b1d13f950242ad63651c99f623a0fd736adc8468372e2f4148af1032,sha256:9650caa2b1d13f95,2,37,55,18,36,53,17,90,92,3;5,Soil_Labeled_Data/M_30_40/L_90_100/alluvial/z5720143191868_a2e1d248c34ba593baf30b4defe0d1dd.jpg;Soil_Labeled_Data/M_50_60/L_90_100/alluvial/z5720143191868_a2e1d248c34ba593baf30b4defe0d1dd.jpg
9905aa20c91ef10e1318eef77539884be05c4c10b902e962b74c76325f6724c8,sha256:9905aa20c91ef10e,3,31,52,21,29,53,24,96,100,3;4;5,Soil_Labeled_Data/M_30_40/L_90_100/alluvial/z5720143165808_c048ad1ab07ddbb36a302d65772e88c8.jpg;Soil_Labeled_Data/M_40_50/L_90_100/alluvial/z5720143165808_c048ad1ab07ddbb36a302d65772e88c8.jpg;Soil_Labeled_Data/M_50_60/L_90_100/alluvial/z5720143165808_c048ad1ab07ddbb36a302d65772e88c8.jpg
9a626aede8c742d3909a22277e5a046d567ff352bc7d86b1afa44be176987d0f,sha256:9a626aede8c742d3,3,31,63,32,30,64,34,86,89,3;5;6,Soil_Labeled_Data/M_30_40/L_80_90/alluvial/z5720115800429_ff01c46a0bb2fd04a0bcfaa21477768c.jpg;Soil_Labeled_Data/M_50_60/L_80_90/alluvial/z5720115800429_ff01c46a0bb2fd04a0bcfaa21477768c.jpg;Soil_Labeled_Data/M_60_70/L_80_90/alluvial/z5720115800429_ff01c46a0bb2fd04a0bcfaa21477768c.jpg
a1d2f3dcbdb6deac51cc360ad72c91414c27231fa74aed3ec9a80915a864b819,sha256:a1d2f3dcbdb6deac,2,34,56,22,33,58,25,92,92,3;5,Soil_Labeled_Data/M_30_40/L_90_100/alluvial/z5720143115861_efed4878483a1f7e23629c7386a6d09d.jpg;Soil_Labeled_Data/M_50_60/L_90_100/alluvial/z5720143115861_efed4878483a1f7e23629c7386a6d09d.jpg
ad01962ff96b59c7f2e01deccfcfb26565289a1874d4cb18321c4c670dac82f3,sha256:ad01962ff96b59c7,3,37,50,13,36,51,15,90,94,3;4;5,Soil_Labeled_Data/M_30_40/L_90_100/alluvial/z5720143090213_a08a9f5a97cdc656748cb7fa75edf338.jpg;Soil_Labeled_Data/M_40_50/L_90_100/alluvial/z5720143090213_a08a9f5a97cdc656748cb7fa75edf338.jpg;Soil_Labeled_Data/M_50_60/L_90_100/alluvial/z5720143090213_a08a9f5a97cdc656748cb7fa75edf338.jpg
ade40a65a23d306319ba2fadfc9c4d5eeaf049ca4046bd5fc41ea69a2e373fa9,sha256:ade40a65a23d3063,3,40,51,11,42,50,8,92,97,3;4;5,Soil_Labeled_Data/M_30_40/L_90_100/alluvial/z5720143180627_8991003c4168f68248331f4ae3cb75d1.jpg;Soil_Labeled_Data/M_40_50/L_90_100/alluvial/z5720143180627_8991003c4168f68248331f4ae3cb75d1.jpg;Soil_Labeled_Data/M_50_60/L_90_100/alluvial/z5720143180627_8991003c4168f68248331f4ae3cb75d1.jpg
af54ceee1e6ea7ef7a866eb66ec5f0714bf947da83ee39e15e5e8cab789a92e8,sha256:af54ceee1e6ea7ef,3,32,70,38,33,69,36,88,90,3;5;6,Soil_Labeled_Data/M_30_40/L_80_90/alluvial/z5720115833149_ed8419086eec88fa81ae29e84dd8ee29.jpg;Soil_Labeled_Data/M_50_60/L_80_90/alluvial/z5720115833149_ed8419086eec88fa81ae29e84dd8ee29.jpg;Soil_Labeled_Data/M_60_70/L_80_90/alluvial/z5720115833149_ed8419086eec88fa81ae29e84dd8ee29.jpg
b2d381061e86750c596ea90c359ce7104609d9708781c75c65ed9c99f3190381,sha256:b2d381061e86750c,3,14,19,5,13,18,5,70,80,1,Soil_Labeled_Data/M_10_20/L_70_80/alluvial/IMG_0702.JPG;Soil_Labeled_Data/M_10_20/L_70_80/alluvial/IMG_0705.JPG;Soil_Labeled_Data/M_10_20/L_70_80/alluvial/IMG_0706.JPG
b31a63d28142efd56024bd0e38ee4b1118ecaf2eca2f4cb0c721d8c954f5bcb9,sha256:b31a63d28142efd5,4,34,62,28,35,62,27,82,90,3;4;5;6,Soil_Labeled_Data/M_30_40/L_80_90/alluvial/z5720115942754_8be2331cdea2f08eaa20a4d16f47702e.jpg;Soil_Labeled_Data/M_40_50/L_80_90/alluvial/z5720115942754_8be2331cdea2f08eaa20a4d16f47702e.jpg;Soil_Labeled_Data/M_50_60/L_80_90/alluvial/z5720115942754_8be2331cdea2f08eaa20a4d16f47702e.jpg;Soil_Labeled_Data/M_60_70/L_80_90/alluvial/z5720115942754_8be2331cdea2f08eaa20a4d16f47702e.jpg
c7569787e74310048696c82571cedd2cb89e66b961605a3059711b281284b503,sha256:c7569787e7431004,3,36,69,33,38,67,29,84,90,3;5;6,Soil_Labeled_Data/M_30_40/L_80_90/alluvial/z5720115653272_3de34aa127a04a50ac17b19f6c26e982.jpg;Soil_Labeled_Data/M_50_60/L_80_90/alluvial/z5720115653272_3de34aa127a04a50ac17b19f6c26e982.jpg;Soil_Labeled_Data/M_60_70/L_80_90/alluvial/z5720115653272_3de34aa127a04a50ac17b19f6c26e982.jpg
ca85bf8ff5a35539fefbb847acbe12f7f32ecbe248c145a844b511e7bc339c0a,sha256:ca85bf8ff5a35539,2,37,54,17,38,52,14,90,90,3;5,Soil_Labeled_Data/M_30_40/L_90_100/alluvial/z5720142944680_d4f5166a1f72d6cb4ddfe9316119b767.jpg;Soil_Labeled_Data/M_50_60/L_90_100/alluvial/z5720142944680_d4f5166a1f72d6cb4ddfe9316119b767.jpg
cbcffdd73df06e0b072756c13f9f0563e8072b9b0b5a5f3023123493706fc4bd,sha256:cbcffdd73df06e0b,2,37,58,21,35,57,22,95,95,3;5,Soil_Labeled_Data/M_30_40/L_90_100/alluvial/z5720142535965_7f8fdeed5b9f25c4800540f4c7109134.jpg;Soil_Labeled_Data/M_50_60/L_90_100/alluvial/z5720142535965_7f8fdeed5b9f25c4800540f4c7109134.jpg
d27c8f193d45dc320ed6bfa0639a1374901b85f74b60878fbb42dd02333cc0a0,sha256:d27c8f193d45dc32,4,33,70,37,33,72,39,80,84,3;4;5;6,Soil_Labeled_Data/M_30_40/L_80_90/alluvial/z5720116085194_b4c6d844bda5f6a7533e048925576cdd.jpg;Soil_Labeled_Data/M_40_50/L_80_90/alluvial/z5720116085194_b4c6d844bda5f6a7533e048925576cdd.jpg;Soil_Labeled_Data/M_50_60/L_80_90/alluvial/z5720116085194_b4c6d844bda5f6a7533e048925576cdd.jpg;Soil_Labeled_Data/M_60_70/L_80_90/alluvial/z5720116085194_b4c6d844bda5f6a7533e048925576cdd.jpg
d2d846cd4e716f7399ac6b2fe8d1b99b43285e9b37aad353e7b55b7f2ba4a9b0,sha256:d2d846cd4e716f73,3,30,65,35,31,67,36,80,81,3;5;6,Soil_Labeled_Data/M_30_40/L_80_90/alluvial/z5720115969160_90e7c8fe51469c6537b93b0b5051f46d.jpg;Soil_Labeled_Data/M_50_60/L_80_90/alluvial/z5720115969160_90e7c8fe51469c6537b93b0b5051f46d.jpg;Soil_Labeled_Data/M_60_70/L_80_90/alluvial/z5720115969160_90e7c8fe51469c6537b93b0b5051f46d.jpg
da67778185dbfeb35e18acd99a4b43850e693e80c558855b36f342b4d4360d30,sha256:da67778185dbfeb3,4,30,68,38,30,67,37,83,89,3;4;5;6,Soil_Labeled_Data/M_30_40/L_80_90/alluvial/z5720115687004_c7046b6ed304fe8ccbb693c1af288980.jpg;Soil_Labeled_Data/M_40_50/L_80_90/alluvial/z5720115687004_c7046b6ed304fe8ccbb693c1af288980.jpg;Soil_Labeled_Data/M_50_60/L_80_90/alluvial/z5720115687004_c7046b6ed304fe8ccbb693c1af288980.jpg;Soil_Labeled_Data/M_60_70/L_80_90/alluvial/z5720115687004_c7046b6ed304fe8ccbb693c1af288980.jpg
e71702166efad6b72f962a665ebf221f6f5a689ab58d63bea2d33f3b5bea0a06,sha256:e71702166efad6b7,2,13,20,7,12,20,8,80,84,1,Soil_Labeled_Data/M_10_20/L_80_90/alluvial/IMG_0751.JPG;Soil_Labeled_Data/M_10_20/L_80_90/alluvial/IMG_0752.JPG
e7d94a42af104da7bdf576e1af439aa873e09e789ad3de009fe5f51e79b02b3f,sha256:e7d94a42af104da7,3,36,70,34,37,68,31,80,89,3;5;6,Soil_Labeled_Data/M_30_40/L_80_90/alluvial/z5720116069849_bcc6949c92dd61a3b67028202e4c3c2a.jpg;Soil_Labeled_Data/M_50_60/L_80_90/alluvial/z5720116069849_bcc6949c92dd61a3b67028202e4c3c2a.jpg;Soil_Labeled_Data/M_60_70/L_80_90/alluvial/z5720116069849_bcc6949c92dd61a3b67028202e4c3c2a.jpg
f6f490aa8c06c3f394c6af6b860648034089de50325cbb7a66c6e52da0ace352,sha256:f6f490aa8c06c3f3,3,32,52,20,31,54,23,94,98,3;4;5,Soil_Labeled_Data/M_30_40/L_90_100/alluvial/z5720142803519_7e7073968e86e15707d41ef2d1f8a1cb.jpg;Soil_Labeled_Data/M_40_50/L_90_100/alluvial/z5720142803519_7e7073968e86e15707d41ef2d1f8a1cb.jpg;Soil_Labeled_Data/M_50_60/L_90_100/alluvial/z5720142803519_7e7073968e86e15707d41ef2d1f8a1cb.jpg
f78a84e7b2a6e850c20e699b6715e85009c356da4b0001f92227be59ff662b36,sha256:f78a84e7b2a6e850,4,30,67,37,32,66,34,83,88,3;4;5;6,Soil_Labeled_Data/M_30_40/L_80_90/alluvial/z5720115994271_6ee046f5429b540fab54644ee387967d.jpg;Soil_Labeled_Data/M_40_50/L_80_90/alluvial/z5720115994271_6ee046f5429b540fab54644ee387967d.jpg;Soil_Labeled_Data/M_50_60/L_80_90/alluvial/z5720115994271_6ee046f5429b540fab54644ee387967d.jpg;Soil_Labeled_Data/M_60_70/L_80_90/alluvial/z5720115994271_6ee046f5429b540fab54644ee387967d.jpg
