relative_path,file_type,size_bytes,sha256,role,matching_legacy_artifact
Soil_Labeled_Data/labels.csv,csv,385574,1560361b5848d513eb3d4af2cef92215a71920f2a78e2975c6091fd0e42a6cb7,LABELS,
Soil_Labeled_Data/soilNet_di chuyen tu o C/checkpoints_VicReg/vicreg_metrics.csv,csv,7368,e5c3faf2d3822f6caf1900f98446af11cb8c7d71a4b9eccbe58f79a49d1406e9,HISTORICAL_RESULT_OR_METADATA,
Soil_Labeled_Data/soilNet_di chuyen tu o C/Experiment 1 ImageNet/Result/Mobilenetv2_Tiny_Imagenet_Pretrained_Results.csv,csv,6281,0c18b1d43d43f10735f742a40b2a50c018007b578a6155fc956bf57d38fc2956,HISTORICAL_RESULT_OR_METADATA,
Soil_Labeled_Data/soilNet_di chuyen tu o C/Experiment 1 ImageNet/Result/MobileViTV2_Tiny_Imagenet_Pretrained_Results.csv,csv,6280,51ae07fbe35f989af5ad03dac807e900731ff19f17c7efd66581c847717cd1eb,HISTORICAL_RESULT_OR_METADATA,
Soil_Labeled_Data/soilNet_di chuyen tu o C/Experiment 1 ImageNet/Result/SoilNet_pretrained_Tiny_ImageNet.xlsx,xlsx,14266,913365d5277ef135e1ddc8149d89d52e583fbd819be46786641a008395f7e6a6,HISTORICAL_RESULT_OR_METADATA,
Soil_Labeled_Data/soilNet_di chuyen tu o C/Experiment 2 VicReg/Results/SoilNet_orginal_20_epoch_VicReg_finetuneda.csv,csv,12058,079488911b87a7f7d6b166a7e24bcc772738da3397feb1bdeefd6cc2e8f39e6b,HISTORICAL_RESULT_OR_METADATA,
Soil_Labeled_Data/soilNet_di chuyen tu o C/Experiment 2 VicReg/Results/SoilNet_orginal_50_epoch_VicReg_finetuned.csv,csv,11803,6b19f626d8adc6ad397eae0c13e6a75c72341c742bd4383985ab36499287516a,HISTORICAL_RESULT_OR_METADATA,
Soil_Labeled_Data/soilNet_di chuyen tu o C/Experiment 2 VicReg/Results/SoilNet_pretrained_20_epoch_VicReg_finetuned.csv,csv,11484,5c6d7a647d6b48faabc7dddae7ce078d30aa3e5125a598dce666d2719cc03db5,HISTORICAL_RESULT_OR_METADATA,
Soil_Labeled_Data/soilNet_di chuyen tu o C/Experiment 2 VicReg/Results/SoilNet_pretrained_50_epoch_VicReg_finetuned.csv,csv,11486,b206aba6a3917ee04de5801c885962f0b4e5ade017d6f080549ecf94bccdb5b8,HISTORICAL_RESULT_OR_METADATA,
Soil_Labeled_Data/soilNet_di chuyen tu o C/Experiment 3 SOTA/Results/Result SOTA model.csv,csv,33623,3376ddcea1995637ee0b3bf0a32989f5c838003b66b717059541b2e5682e3d40,HISTORICAL_RESULT_OR_METADATA,
Soil_Labeled_Data/soilNet_di chuyen tu o C/Experiment 4 Classifier/Result/Classifier_cls_reg_features.csv,csv,591,433ee3fc3c97e0e8fcbfff380984c0215eb9639d55ec29ee02dd698abb0ee79b,HISTORICAL_RESULT_OR_METADATA,
Soil_Labeled_Data/soilNet_di chuyen tu o C/Experiment 4 Classifier/Result/Classifier_cls_reg_features_new.xlsx,xlsx,5961,ce98963394120682611f382b6c06f7415cf06aca587253ef9426f0814ccf5d45,HISTORICAL_RESULT_OR_METADATA,
Soil_Labeled_Data/soilNet_di chuyen tu o C/Experiment 4 Classifier/Result/Classifier_concat.csv,csv,595,1a991172b5f43441d6fac8ec34bc01b21cee23c56f2a89eb95f26552305b9441,HISTORICAL_RESULT_OR_METADATA,
Soil_Labeled_Data/soilNet_di chuyen tu o C/finetune_update/training_metrics_finetuned_VicReg_mu_20.csv,csv,12345,0f248feb7b35102201332ad39e49f67f554cdda3730c74769542d138ee6b918d,HISTORICAL_RESULT_OR_METADATA,finetune_new/training_metrics_finetuned_VicReg_mu_20.csv
Soil_Labeled_Data/soilNet_di chuyen tu o C/finetune_update/training_metrics_finetuned_VicReg_mu_23.csv,csv,12402,b21d85bf75e78faeeb71e74c0e6d7016603d6de57aa584621c85dab328e837e0,HISTORICAL_RESULT_OR_METADATA,finetune_new/training_metrics_finetuned_VicReg_mu_23.csv
Soil_Labeled_Data/soilNet_di chuyen tu o C/finetune_update/training_metrics_finetuned_VicReg_mu_25.csv,csv,12344,cfbb825af7d344bab4b18cff7e3b923c151dd295dcc25755656536f88e19f43b,HISTORICAL_RESULT_OR_METADATA,finetune_new/training_metrics_finetuned_VicReg_mu_25.csv
Soil_Labeled_Data/soilNet_di chuyen tu o C/finetune_update/training_metrics_finetuned_VicReg_mu_27.csv,csv,12377,f0e0c85ec589e118c796126666ea36143b15e5cbd91226b5d6f77885c0dbaffc,HISTORICAL_RESULT_OR_METADATA,finetune_new/training_metrics_finetuned_VicReg_mu_27.csv
Soil_Labeled_Data/soilNet_di chuyen tu o C/finetune_update/training_metrics_finetuned_VicReg_mu_30.csv,csv,12377,c27d20261e5af44954bd2cf2147a7a697b160abcfa345c361ad4c7620246f840,HISTORICAL_RESULT_OR_METADATA,finetune_new/training_metrics_finetuned_VicReg_mu_30.csv
Soil_Labeled_Data/soilNet_di chuyen tu o C/finetune_update/training_metrics_finetuned_VicReg_mu_33.csv,csv,12356,adb7470cbdb6695dbc747c151fc38b80a80ed32d4c048bae728e434b54741310,HISTORICAL_RESULT_OR_METADATA,finetune_new/training_metrics_finetuned_VicReg_mu_33.csv
Soil_Labeled_Data/soilNet_di chuyen tu o C/finetune_update/training_metrics_finetuned_VicReg_TinyImageNet_mu_20.csv,csv,12383,3cf3305d67244343e62f05287545642f58f8047e6a11d5fee852b5d929409749,HISTORICAL_RESULT_OR_METADATA,finetune_new/training_metrics_finetuned_VicReg_TinyImageNet_mu_20.csv
Soil_Labeled_Data/soilNet_di chuyen tu o C/finetune_update/training_metrics_finetuned_VicReg_TinyImageNet_mu_23.csv,csv,12416,4b34997648fcb01036abdc155ec5a31fddc96dad912b3dde384e625204cd44df,HISTORICAL_RESULT_OR_METADATA,finetune_new/training_metrics_finetuned_VicReg_TinyImageNet_mu_23.csv
Soil_Labeled_Data/soilNet_di chuyen tu o C/finetune_update/training_metrics_finetuned_VicReg_TinyImageNet_mu_25.csv,csv,12388,196d77a48c2fdfe652e5277ba009e69264afc58a8da3fe9690eae874ded3ce8e,HISTORICAL_RESULT_OR_METADATA,finetune_new/training_metrics_finetuned_VicReg_TinyImageNet_mu_25.csv
Soil_Labeled_Data/soilNet_di chuyen tu o C/finetune_update/training_metrics_finetuned_VicReg_TinyImageNet_mu_27.csv,csv,12392,67b631ab233b0d4f25486707a9c87e15e311f4bd9bd7f1250b23cd10333cd89d,HISTORICAL_RESULT_OR_METADATA,finetune_new/training_metrics_finetuned_VicReg_TinyImageNet_mu_27.csv
Soil_Labeled_Data/soilNet_di chuyen tu o C/finetune_update/training_metrics_finetuned_VicReg_TinyImageNet_mu_30.csv,csv,12432,77be1752d440c34029dba4ea856680ada9feb70c35e70ec32623b4450fd53336,HISTORICAL_RESULT_OR_METADATA,finetune_new/training_metrics_finetuned_VicReg_TinyImageNet_mu_30.csv
Soil_Labeled_Data/soilNet_di chuyen tu o C/finetune_update/training_metrics_finetuned_VicReg_TinyImageNet_mu_33.csv,csv,12356,d2e07933bd20fe4fcd243dc4d5b4d58bceb53785cb3c02107bdea28e856d865e,HISTORICAL_RESULT_OR_METADATA,finetune_new/training_metrics_finetuned_VicReg_TinyImageNet_mu_33.csv
