duplicate_group_id,sha256,group_size,classification,conflicting_fields,missing_metadata_fields,SM_0_values,SM_20_values,light_value_values,moisture_class_values,moisture_bin_values,light_bin_values,soil_type_values,capture_session_values,source_group_values,phase2_near_group_ids,member_sample_ids,member_relative_paths,resolution
sha256:00905821ecc223e9,00905821ecc223e991a8ae79e30a1d0e96b33018482c53840d07dd7f2a6ed88b,2,CONFLICTING_LABEL,SM_0;SM_20;light_value;moisture_class;moisture_bin,capture_session;source_group,40;53,40;51,90;94,3;5,M_30_40;M_50_60,L_90_100,alluvial,UNAVAILABLE_NOT_IN_LABELS,UNAVAILABLE_NOT_IN_LABELS,phash:e92eaca4ff3b1796,00d5f023511abaf8e676;e8b0cd2c995d907fdaf3,Soil_Labeled_Data/M_30_40/L_90_100/alluvial/z5720143128222_276e4e8586100105a226ae375886a943.jpg;Soil_Labeled_Data/M_50_60/L_90_100/alluvial/z5720143128222_276e4e8586100105a226ae375886a943.jpg,DO_NOT_AUTO_RESOLVE
sha256:1036124b03e417fc,1036124b03e417fccc2b2771da3daa5a7aa4639e9c0f2094e2f620f40d734ce6,3,CONFLICTING_LABEL,SM_0;SM_20;light_value;moisture_class;moisture_bin,capture_session;source_group,32;51;62,31;49;64,82;85;86,3;5;6,M_30_40;M_50_60;M_60_70,L_80_90,alluvial,UNAVAILABLE_NOT_IN_LABELS,UNAVAILABLE_NOT_IN_LABELS,phash:790ceaf06e875e73,044b361d62eafd6848cc;40e4859841f6461c5799;da91723cc11cc1e2606b,Soil_Labeled_Data/M_30_40/L_80_90/alluvial/z5720115955016_77628ff737c4b80cdf4db3cabe679c96.jpg;Soil_Labeled_Data/M_50_60/L_80_90/alluvial/z5720115955016_77628ff737c4b80cdf4db3cabe679c96.jpg;Soil_Labeled_Data/M_60_70/L_80_90/alluvial/z5720115955016_77628ff737c4b80cdf4db3cabe679c96.jpg,DO_NOT_AUTO_RESOLVE
sha256:152c3629f5e51fcd,152c3629f5e51fcdd37dc597a1642fce5df05fa051ff1e636ab64591586992fa,3,CONFLICTING_LABEL,SM_0;SM_20;light_value;moisture_class;moisture_bin,capture_session;source_group,30;50;62,30;51;62,85;87;89,3;5;6,M_30_40;M_50_60;M_60_70,L_80_90,alluvial,UNAVAILABLE_NOT_IN_LABELS,UNAVAILABLE_NOT_IN_LABELS,phash:522c1adc444fd47d,0a2458593f29c4bfa00e;290e8751b1e6cabf6a05;7b413eb8b352bda0dea5,Soil_Labeled_Data/M_30_40/L_80_90/alluvial/z5720115982216_637e10bfdba8825575e6ddce9ee0b4db.jpg;Soil_Labeled_Data/M_50_60/L_80_90/alluvial/z5720115982216_637e10bfdba8825575e6ddce9ee0b4db.jpg;Soil_Labeled_Data/M_60_70/L_80_90/alluvial/z5720115982216_637e10bfdba8825575e6ddce9ee0b4db.jpg,DO_NOT_AUTO_RESOLVE
sha256:18bc134226d0f029,18bc134226d0f0292404508331885ed7ec92dac7ad23953057102c75b475fc2a,3,CONFLICTING_LABEL,SM_0;SM_20;light_value;moisture_class;moisture_bin,capture_session;source_group,37;52;68,38;50;66,81;84;87,3;5;6,M_30_40;M_50_60;M_60_70,L_80_90,alluvial,UNAVAILABLE_NOT_IN_LABELS,UNAVAILABLE_NOT_IN_LABELS,phash:68fe58b58a79ace5,2885945b220a4cba35d3;473a4f4a33aebb697a01;62c27104169ff615982f,Soil_Labeled_Data/M_30_40/L_80_90/alluvial/z5720115727413_e891a8cfc53a007f676e1bac4a0342b5.jpg;Soil_Labeled_Data/M_50_60/L_80_90/alluvial/z5720115727413_e891a8cfc53a007f676e1bac4a0342b5.jpg;Soil_Labeled_Data/M_60_70/L_80_90/alluvial/z5720115727413_e891a8cfc53a007f676e1bac4a0342b5.jpg,DO_NOT_AUTO_RESOLVE
sha256:18bc70fb3bbd74cd,18bc70fb3bbd74cd8bf3ab88ec4e48b1aa2fdd6673a130490622719209b228e0,4,CONFLICTING_LABEL,SM_0;SM_20;light_value;moisture_class;moisture_bin,capture_session;source_group,35;43;54;61,34;45;55;59,82;85;87;88,3;4;5;6,M_30_40;M_40_50;M_50_60;M_60_70,L_80_90,alluvial,UNAVAILABLE_NOT_IN_LABELS,UNAVAILABLE_NOT_IN_LABELS,phash:aed58a259ead6a36,00cac614ccf99e7eca7d;605650cb9ddba9661922;7d871def2b0f592ae0ee;b45ddcb1a0f9311e962e,Soil_Labeled_Data/M_30_40/L_80_90/alluvial/z5720115765295_566dab2e381f475c4d17c1f90510d54b.jpg;Soil_Labeled_Data/M_40_50/L_80_90/alluvial/z5720115765295_566dab2e381f475c4d17c1f90510d54b.jpg;Soil_Labeled_Data/M_50_60/L_80_90/alluvial/z5720115765295_566dab2e381f475c4d17c1f90510d54b.jpg;Soil_Labeled_Data/M_60_70/L_80_90/alluvial/z5720115765295_566dab2e381f475c4d17c1f90510d54b.jpg,DO_NOT_AUTO_RESOLVE
sha256:1ce12e72af799f3e,1ce12e72af799f3ef641eac772e49eaa601410979f064594ee0697444163f229,3,CONFLICTING_LABEL,SM_0;SM_20;light_value;moisture_class;moisture_bin,capture_session;source_group,32;42;55,31;40;54,93;98,3;4;5,M_30_40;M_40_50;M_50_60,L_90_100,alluvial,UNAVAILABLE_NOT_IN_LABELS,UNAVAILABLE_NOT_IN_LABELS,phash:2907e22073607f47,2889d30390de5b6a7dc7;a9da3f249e47b562e811;b0ef2b0f21d79461cb3e,Soil_Labeled_Data/M_30_40/L_90_100/alluvial/z5720142732215_24153a5f94f1690b1290a7adb4f344d9.jpg;Soil_Labeled_Data/M_40_50/L_90_100/alluvial/z5720142732215_24153a5f94f1690b1290a7adb4f344d9.jpg;Soil_Labeled_Data/M_50_60/L_90_100/alluvial/z5720142732215_24153a5f94f1690b1290a7adb4f344d9.jpg,DO_NOT_AUTO_RESOLVE
sha256:1d9f70a629ed7f33,1d9f70a629ed7f33b5bb9dcbf9d2edf129960e30bc7d5a1fad18323eb20bc184,2,CONFLICTING_LABEL,SM_0;SM_20;light_value;moisture_class;moisture_bin,capture_session;source_group,33;51,35;50,93;95,3;5,M_30_40;M_50_60,L_90_100,alluvial,UNAVAILABLE_NOT_IN_LABELS,UNAVAILABLE_NOT_IN_LABELS,phash:4fc1288e79818782,e5922ce6cb21fe5c9243;ec4fcdad3b687bec98c0,Soil_Labeled_Data/M_30_40/L_90_100/alluvial/z5720142605939_7caf2dad0259dceaa9b82d0f49f18ce1.jpg;Soil_Labeled_Data/M_50_60/L_90_100/alluvial/z5720142605939_7caf2dad0259dceaa9b82d0f49f18ce1.jpg,DO_NOT_AUTO_RESOLVE
sha256:22f013a0c4a1d0d7,22f013a0c4a1d0d774875af11dd19a5943ec5cf8b4947bac016c8b4c94101565,2,CONFLICTING_LABEL,SM_0;SM_20;light_value;moisture_class;moisture_bin,capture_session;source_group,35;52,36;54,91;97,3;5,M_30_40;M_50_60,L_90_100,alluvial,UNAVAILABLE_NOT_IN_LABELS,UNAVAILABLE_NOT_IN_LABELS,phash:dcb5f1e62586665b,3a08df9ab58651e939a3;d66c77242dce86e6e9a7,Soil_Labeled_Data/M_30_40/L_90_100/alluvial/z5720143103699_d6de3602e00ee02916b885433cd153ac.jpg;Soil_Labeled_Data/M_50_60/L_90_100/alluvial/z5720143103699_d6de3602e00ee02916b885433cd153ac.jpg,DO_NOT_AUTO_RESOLVE
sha256:26bb3fee4d57dc0f,26bb3fee4d57dc0f3c2e373eaccb19a1a4f4b8da2c84829c5918e6d3a9e603b3,4,CONFLICTING_LABEL,SM_0;SM_20;light_value;moisture_class;moisture_bin,capture_session;source_group,35;45;59;62,33;45;61,81;84,3;4;5;6,M_30_40;M_40_50;M_50_60;M_60_70,L_80_90,alluvial,UNAVAILABLE_NOT_IN_LABELS,UNAVAILABLE_NOT_IN_LABELS,phash:70066ce13207a235,34916b894a9ad9a1c5a4;a3dd1a14b20acc9ba88e;b38013506227b42bf16f;d56db68a0329645c2eef,Soil_Labeled_Data/M_30_40/L_80_90/alluvial/z5720115611278_2165bd5b2e5ac713d97400eabcc65d99.jpg;Soil_Labeled_Data/M_40_50/L_80_90/alluvial/z5720115611278_2165bd5b2e5ac713d97400eabcc65d99.jpg;Soil_Labeled_Data/M_50_60/L_80_90/alluvial/z5720115611278_2165bd5b2e5ac713d97400eabcc65d99.jpg;Soil_Labeled_Data/M_60_70/L_80_90/alluvial/z5720115611278_2165bd5b2e5ac713d97400eabcc65d99.jpg,DO_NOT_AUTO_RESOLVE
sha256:2746273450e1a7d8,2746273450e1a7d8101832135e632930f65ff0bfb7e569ab2f263d346d531f9b,2,CONFLICTING_LABEL,SM_0;SM_20;light_value,capture_session;source_group,13;19,15;20,83;89,1,M_10_20,L_80_90,alluvial,UNAVAILABLE_NOT_IN_LABELS,UNAVAILABLE_NOT_IN_LABELS,phash:440cf10437760781,0308ea9aed59285f1583;93d132742b6b55e9ac3d,Soil_Labeled_Data/M_10_20/L_80_90/alluvial/IMG_0757.JPG;Soil_Labeled_Data/M_10_20/L_80_90/alluvial/IMG_0758.JPG,DO_NOT_AUTO_RESOLVE
sha256:28778be0bae35396,28778be0bae3539683f2940129076cf100dfde68b5c5159cc728f519231fc91e,2,CONFLICTING_LABEL,SM_0;SM_20;light_value;moisture_class;moisture_bin,capture_session;source_group,38;53,40;55,90;91,3;5,M_30_40;M_50_60,L_90_100,alluvial,UNAVAILABLE_NOT_IN_LABELS,UNAVAILABLE_NOT_IN_LABELS,phash:d2cf4d307ee06b51,4390dc82b013d8bfbe57;b84800b6df810575baf3,Soil_Labeled_Data/M_30_40/L_90_100/alluvial/z5720143154446_d6236257ccb21858bbf8354df5e10a69.jpg;Soil_Labeled_Data/M_50_60/L_90_100/alluvial/z5720143154446_d6236257ccb21858bbf8354df5e10a69.jpg,DO_NOT_AUTO_RESOLVE
sha256:323a8ac7e9832d5f,323a8ac7e9832d5f0b28a04df602dc3fc509c5d0fbaf03cc9c92e70db03d6391,2,CONFLICTING_LABEL,SM_0;SM_20;light_value;moisture_class;moisture_bin,capture_session;source_group,39;60,40;60,90;95,3;5,M_30_40;M_50_60,L_90_100,alluvial,UNAVAILABLE_NOT_IN_LABELS,UNAVAILABLE_NOT_IN_LABELS,phash:26fda731e9de7d40,3bea9981114ac4005224;4b8b2fd7093587dfecc6,Soil_Labeled_Data/M_30_40/L_90_100/alluvial/z5720143078801_9e7f2d067ac7542cc6f3b8a5bd731451.jpg;Soil_Labeled_Data/M_50_60/L_90_100/alluvial/z5720143078801_9e7f2d067ac7542cc6f3b8a5bd731451.jpg,DO_NOT_AUTO_RESOLVE
sha256:335f93b7096fabc3,335f93b7096fabc3a68114e8059a8e21ce0d591798de4cde573718489111b02b,2,CONFLICTING_LABEL,SM_0;SM_20;light_value,capture_session;source_group,14;16,15;16,84;90,1,M_10_20,L_80_90,alluvial,UNAVAILABLE_NOT_IN_LABELS,UNAVAILABLE_NOT_IN_LABELS,phash:b87de173de4bd55d,98fe83ba4a875d38ffc8;c8707575fb8da1c3391a,Soil_Labeled_Data/M_10_20/L_80_90/alluvial/IMG_0760.JPG;Soil_Labeled_Data/M_10_20/L_80_90/alluvial/IMG_0761.JPG,DO_NOT_AUTO_RESOLVE
sha256:356b4f61f11c3f36,356b4f61f11c3f3639169e6ac8da9d34ad8d408c85fcafa9b03665c25a2c2d22,3,CONFLICTING_LABEL,SM_0;SM_20;light_value;moisture_class;moisture_bin,capture_session;source_group,32;57;68,33;57;69,82;83;84,3;5;6,M_30_40;M_50_60;M_60_70,L_80_90,alluvial,UNAVAILABLE_NOT_IN_LABELS,UNAVAILABLE_NOT_IN_LABELS,phash:550f17b8a00c5d3d,8dcf98fa3990cc1b15db;b50cd4d731ebc4b0bb52;f2abc8a73901eae9ad9e,Soil_Labeled_Data/M_30_40/L_80_90/alluvial/z5720116028219_3547ed7fc4e58ca77d0a9c04ad52a29b.jpg;Soil_Labeled_Data/M_50_60/L_80_90/alluvial/z5720116028219_3547ed7fc4e58ca77d0a9c04ad52a29b.jpg;Soil_Labeled_Data/M_60_70/L_80_90/alluvial/z5720116028219_3547ed7fc4e58ca77d0a9c04ad52a29b.jpg,DO_NOT_AUTO_RESOLVE
sha256:524dd00cf9334bab,524dd00cf9334bab01402f9145428779b1cb96912a8f0c138dbce8e413024df2,2,CONFLICTING_LABEL,SM_0;SM_20;light_value;moisture_class;moisture_bin,capture_session;source_group,32;54,34;54,94;96,3;5,M_30_40;M_50_60,L_90_100,alluvial,UNAVAILABLE_NOT_IN_LABELS,UNAVAILABLE_NOT_IN_LABELS,phash:11f61dd650eab9c1,a50c89dd085ce3fe6f27;bf74757ce16828e09e77,Soil_Labeled_Data/M_30_40/L_90_100/alluvial/z5720143138433_5a1eba502028ab521a9ccc45f968b42d.jpg;Soil_Labeled_Data/M_50_60/L_90_100/alluvial/z5720143138433_5a1eba502028ab521a9ccc45f968b42d.jpg,DO_NOT_AUTO_RESOLVE
sha256:55f747c71cf8d43b,55f747c71cf8d43b96b8f3014da9b1f6dca9a9c5be1fbac3617b12384bcd8350,3,CONFLICTING_LABEL,SM_0;SM_20;light_value,capture_session;source_group,7;9,10;14;8,31;32,0,M_0_10,L_30_40,alluvial,UNAVAILABLE_NOT_IN_LABELS,UNAVAILABLE_NOT_IN_LABELS,phash:6a494aa4d5d4d5b1,1dbecdb9be1709b0282a;6a47b118da32c219ada5;cb1d7459f8b6effeffb0,Soil_Labeled_Data/M_0_10/L_30_40/alluvial/IMG_0096.JPG;Soil_Labeled_Data/M_0_10/L_30_40/alluvial/IMG_0097.JPG;Soil_Labeled_Data/M_0_10/L_30_40/alluvial/IMG_0115.JPG,DO_NOT_AUTO_RESOLVE
sha256:5873f29550302194,5873f295503021948402983e0b69c19684e53795933b1f0e7413811e5fe0efb1,4,CONFLICTING_LABEL,SM_0;SM_20;light_value;moisture_class;moisture_bin,capture_session;source_group,33;43;52;64,33;45;51;63,80;83;86,3;4;5;6,M_30_40;M_40_50;M_50_60;M_60_70,L_80_90,alluvial,UNAVAILABLE_NOT_IN_LABELS,UNAVAILABLE_NOT_IN_LABELS,phash:66180ed7d7b26e4d,350b3ed85911a4c6b846;532d792db42125e850fb;801b31b572b461f31f88;8646a555a465a830b281,Soil_Labeled_Data/M_30_40/L_80_90/alluvial/z5720116056023_3d3d361e4d7255ed7de4195fa640e456.jpg;Soil_Labeled_Data/M_40_50/L_80_90/alluvial/z5720116056023_3d3d361e4d7255ed7de4195fa640e456.jpg;Soil_Labeled_Data/M_50_60/L_80_90/alluvial/z5720116056023_3d3d361e4d7255ed7de4195fa640e456.jpg;Soil_Labeled_Data/M_60_70/L_80_90/alluvial/z5720116056023_3d3d361e4d7255ed7de4195fa640e456.jpg,DO_NOT_AUTO_RESOLVE
sha256:5cf7cb08c11a60bc,5cf7cb08c11a60bc59b83cc1cb413d9026009f6b151dbbaf84695108d9c113d4,2,CONFLICTING_LABEL,SM_0;SM_20;light_value,capture_session;source_group,51;57,50;57,72;73,5,M_50_60,L_70_80,alluvial,UNAVAILABLE_NOT_IN_LABELS,UNAVAILABLE_NOT_IN_LABELS,phash:da003ea3a8a9acb4,004206956dc021dfbb9e;27c5fe11e0f77cf5d3ba,Soil_Labeled_Data/M_50_60/L_70_80/alluvial/IMG_0705_M_10_20_light_brown_M_30_40_light_brown.jpg;Soil_Labeled_Data/M_50_60/L_70_80/alluvial/IMG_0706_M_10_20_light_brown_M_30_40_light_brown.jpg,DO_NOT_AUTO_RESOLVE
sha256:5d994566c0b17998,5d994566c0b179988accce70d34367cca75f3d938d184b5d7c8c9558266443ca,2,CONFLICTING_LABEL,SM_0;SM_20;light_value;moisture_class;moisture_bin,capture_session;source_group,33;60,31;60,93;99,3;5,M_30_40;M_50_60,L_90_100,alluvial,UNAVAILABLE_NOT_IN_LABELS,UNAVAILABLE_NOT_IN_LABELS,phash:37f43628cfd7ed16,0f6f0cd07b1dfd141d3d;8904fdbf6bb012585452,Soil_Labeled_Data/M_30_40/L_90_100/alluvial/z5720142873591_1e258c120dc7fd38c4364dc88310cf49.jpg;Soil_Labeled_Data/M_50_60/L_90_100/alluvial/z5720142873591_1e258c120dc7fd38c4364dc88310cf49.jpg,DO_NOT_AUTO_RESOLVE
sha256:6dd61e46951640ce,6dd61e46951640ce81a122981b61d8e716bfb01a13aa1ca5643228cd448c10c7,3,CONFLICTING_LABEL,SM_0;SM_20;light_value;moisture_class;moisture_bin,capture_session;source_group,40;51;70,40;53;69,86;87;88,3;5;6,M_30_40;M_50_60;M_60_70,L_80_90,alluvial,UNAVAILABLE_NOT_IN_LABELS,UNAVAILABLE_NOT_IN_LABELS,phash:e7a7071bb960f512,41f37999934d0120eb8d;4df640380f8d7d668817;b71ca4caa73acc7027e8,Soil_Labeled_Data/M_30_40/L_80_90/alluvial/z5720116009994_7473d14d835476f47632659bffa27b72.jpg;Soil_Labeled_Data/M_50_60/L_80_90/alluvial/z5720116009994_7473d14d835476f47632659bffa27b72.jpg;Soil_Labeled_Data/M_60_70/L_80_90/alluvial/z5720116009994_7473d14d835476f47632659bffa27b72.jpg,DO_NOT_AUTO_RESOLVE
sha256:7230e1cf8fc623e3,7230e1cf8fc623e3ff5e052ad819fe35ff56d2740228ea685e65aeff6f9082f1,3,CONFLICTING_LABEL,SM_0;SM_20;light_value;moisture_class;moisture_bin,capture_session;source_group,37;60;70,38;58;68,84;88;90,3;5;6,M_30_40;M_50_60;M_60_70,L_80_90,alluvial,UNAVAILABLE_NOT_IN_LABELS,UNAVAILABLE_NOT_IN_LABELS,phash:7fef4dde43e48360,98c66d5a4ed200125a0c;a0eec7610029ef30c836;e2709b3c0660d76f7441,Soil_Labeled_Data/M_30_40/L_80_90/alluvial/z5720116040527_64efc6d26d1ee063c31ac7c808603d38.jpg;Soil_Labeled_Data/M_50_60/L_80_90/alluvial/z5720116040527_64efc6d26d1ee063c31ac7c808603d38.jpg;Soil_Labeled_Data/M_60_70/L_80_90/alluvial/z5720116040527_64efc6d26d1ee063c31ac7c808603d38.jpg,DO_NOT_AUTO_RESOLVE
sha256:75af854449363163,75af8544493631632ecb26dbf0ebbaccebb83a95700602043d0f9d43d51d6261,3,CONFLICTING_LABEL,SM_0;SM_20;light_value;moisture_class;moisture_bin,capture_session;source_group,31;59;70,32;58;68,81;83;88,3;5;6,M_30_40;M_50_60;M_60_70,L_80_90,alluvial,UNAVAILABLE_NOT_IN_LABELS,UNAVAILABLE_NOT_IN_LABELS,phash:95f443aa52a50ebf,5399127238839d918550;5a2037c36dfb748735e9;ec7144cf11d7268e9efb,Soil_Labeled_Data/M_30_40/L_80_90/alluvial/z5720115869917_a1c0c0f135fb5443e070ba2cfa3f59b5.jpg;Soil_Labeled_Data/M_50_60/L_80_90/alluvial/z5720115869917_a1c0c0f135fb5443e070ba2cfa3f59b5.jpg;Soil_Labeled_Data/M_60_70/L_80_90/alluvial/z5720115869917_a1c0c0f135fb5443e070ba2cfa3f59b5.jpg,DO_NOT_AUTO_RESOLVE
sha256:7c27eb594e080bb4,7c27eb594e080bb4138985853876a1ec96149a2328ca41c77d8d16a7120c46b6,4,CONFLICTING_LABEL,SM_0;SM_20;light_value,capture_session;source_group,14;18;19,16;17;18;19,100;92;93;94,1,M_10_20,L_90_100,alluvial,UNAVAILABLE_NOT_IN_LABELS,UNAVAILABLE_NOT_IN_LABELS,phash:16313a78b8c6de56,239b1284f6967ca93367;2a70b57ccb3201e1aad8;96446b279c51e8b6689e;df3b97bcb6afc10f523c,Soil_Labeled_Data/M_10_20/L_90_100/alluvial/IMG_0794.JPG;Soil_Labeled_Data/M_10_20/L_90_100/alluvial/IMG_0795.JPG;Soil_Labeled_Data/M_10_20/L_90_100/alluvial/IMG_0797.JPG;Soil_Labeled_Data/M_10_20/L_90_100/alluvial/IMG_0798.JPG,DO_NOT_AUTO_RESOLVE
sha256:8135a92cf1b73d22,8135a92cf1b73d22b6e345d3c2b34d93ef0ec1487efe4fb4b193d73d326db557,3,CONFLICTING_LABEL,SM_0;SM_20;light_value;moisture_class;moisture_bin,capture_session;source_group,37;58;61,35;59;60,80;86,3;5;6,M_30_40;M_50_60;M_60_70,L_80_90,alluvial,UNAVAILABLE_NOT_IN_LABELS,UNAVAILABLE_NOT_IN_LABELS,phash:a9a655b4c2404eed,7a56d64b2d566aa9695e;83afc351ef548f041dd0;948cbb9c21364e36636e,Soil_Labeled_Data/M_30_40/L_80_90/alluvial/z5720115908066_d971dc1911998ed5477394adeada3648.jpg;Soil_Labeled_Data/M_50_60/L_80_90/alluvial/z5720115908066_d971dc1911998ed5477394adeada3648.jpg;Soil_Labeled_Data/M_60_70/L_80_90/alluvial/z5720115908066_d971dc1911998ed5477394adeada3648.jpg,DO_NOT_AUTO_RESOLVE
sha256:829953a83bc8f13d,829953a83bc8f13d820098f719201103c7c52f6ee2e2dea7a03ec9a92c382984,3,CONFLICTING_LABEL,SM_0;SM_20;light_value,capture_session;source_group,10;14;15,11;14;16,91;93,1,M_10_20,L_90_100,alluvial,UNAVAILABLE_NOT_IN_LABELS,UNAVAILABLE_NOT_IN_LABELS,phash:b51105d1d4146b87,58cec573a41504f38dd7;92655a2a9f7aca7a641b;a7de86662a6d2c478719,Soil_Labeled_Data/M_10_20/L_90_100/alluvial/IMG_0792.JPG;Soil_Labeled_Data/M_10_20/L_90_100/alluvial/IMG_0793.JPG;Soil_Labeled_Data/M_10_20/L_90_100/alluvial/IMG_0796.JPG,DO_NOT_AUTO_RESOLVE
sha256:85901716749fa7f5,85901716749fa7f57af05ad4b6a317f26c6e420ba47d3b76e87ff45ecdfcd54d,3,CONFLICTING_LABEL,SM_0;SM_20;light_value;moisture_class;moisture_bin,capture_session;source_group,30;43;57,31;45;58,100;90;91,3;4;5,M_30_40;M_40_50;M_50_60,L_90_100,alluvial,UNAVAILABLE_NOT_IN_LABELS,UNAVAILABLE_NOT_IN_LABELS,phash:c87437fc240e682d,0bc37eda3a1f9f7279f2;5806def9692b7eff87df;b51b5b44fc6870f6d578,Soil_Labeled_Data/M_30_40/L_90_100/alluvial/z5720142667793_1b68b578374e456dec54d6a7942a78c6.jpg;Soil_Labeled_Data/M_40_50/L_90_100/alluvial/z5720142667793_1b68b578374e456dec54d6a7942a78c6.jpg;Soil_Labeled_Data/M_50_60/L_90_100/alluvial/z5720142667793_1b68b578374e456dec54d6a7942a78c6.jpg,DO_NOT_AUTO_RESOLVE
sha256:94810c6b3fdfa00d,94810c6b3fdfa00d052e30ee95c826701f36d5f4d5e9255127c10e702b24802f,2,CONFLICTING_LABEL,SM_0;SM_20;light_value;moisture_class;moisture_bin,capture_session;source_group,31;55,33;56,95;99,3;5,M_30_40;M_50_60,L_90_100,alluvial,UNAVAILABLE_NOT_IN_LABELS,UNAVAILABLE_NOT_IN_LABELS,phash:9c51db259dcbbf83,5c75b54d520bda715cd1;967ff7012e4ac03f413f,Soil_Labeled_Data/M_30_40/L_90_100/alluvial/z5720143012313_856304851294ecc8b5397b9311a48d88.jpg;Soil_Labeled_Data/M_50_60/L_90_100/alluvial/z5720143012313_856304851294ecc8b5397b9311a48d88.jpg,DO_NOT_AUTO_RESOLVE
sha256:9650caa2b1d13f95,9650caa2b1d13f950242ad63651c99f623a0fd736adc8468372e2f4148af1032,2,CONFLICTING_LABEL,SM_0;SM_20;light_value;moisture_class;moisture_bin,capture_session;source_group,37;55,36;53,90;92,3;5,M_30_40;M_50_60,L_90_100,alluvial,UNAVAILABLE_NOT_IN_LABELS,UNAVAILABLE_NOT_IN_LABELS,phash:4629140a527a816d,680b31f6585af7088c07;c8faee8fb0285caf4888,Soil_Labeled_Data/M_30_40/L_90_100/alluvial/z5720143191868_a2e1d248c34ba593baf30b4defe0d1dd.jpg;Soil_Labeled_Data/M_50_60/L_90_100/alluvial/z5720143191868_a2e1d248c34ba593baf30b4defe0d1dd.jpg,DO_NOT_AUTO_RESOLVE
sha256:9905aa20c91ef10e,9905aa20c91ef10e1318eef77539884be05c4c10b902e962b74c76325f6724c8,3,CONFLICTING_LABEL,SM_0;SM_20;light_value;moisture_class;moisture_bin,capture_session;source_group,31;48;52,29;49;53,100;96;99,3;4;5,M_30_40;M_40_50;M_50_60,L_90_100,alluvial,UNAVAILABLE_NOT_IN_LABELS,UNAVAILABLE_NOT_IN_LABELS,phash:0285effacff0304c,0d7bdeb3138e8f4fb591;c8b7c04fd443f160cc9b;e2dcaba025409f3004e6,Soil_Labeled_Data/M_30_40/L_90_100/alluvial/z5720143165808_c048ad1ab07ddbb36a302d65772e88c8.jpg;Soil_Labeled_Data/M_40_50/L_90_100/alluvial/z5720143165808_c048ad1ab07ddbb36a302d65772e88c8.jpg;Soil_Labeled_Data/M_50_60/L_90_100/alluvial/z5720143165808_c048ad1ab07ddbb36a302d65772e88c8.jpg,DO_NOT_AUTO_RESOLVE
sha256:9a626aede8c742d3,9a626aede8c742d3909a22277e5a046d567ff352bc7d86b1afa44be176987d0f,3,CONFLICTING_LABEL,SM_0;SM_20;light_value;moisture_class;moisture_bin,capture_session;source_group,31;53;63,30;51;64,86;87;89,3;5;6,M_30_40;M_50_60;M_60_70,L_80_90,alluvial,UNAVAILABLE_NOT_IN_LABELS,UNAVAILABLE_NOT_IN_LABELS,phash:6b288e421b9b59cc,37b10fe38ef3245b0c3d;78fb1b4ac2001158583b;f3e98c79441983bb4324,Soil_Labeled_Data/M_30_40/L_80_90/alluvial/z5720115800429_ff01c46a0bb2fd04a0bcfaa21477768c.jpg;Soil_Labeled_Data/M_50_60/L_80_90/alluvial/z5720115800429_ff01c46a0bb2fd04a0bcfaa21477768c.jpg;Soil_Labeled_Data/M_60_70/L_80_90/alluvial/z5720115800429_ff01c46a0bb2fd04a0bcfaa21477768c.jpg,DO_NOT_AUTO_RESOLVE
sha256:a1d2f3dcbdb6deac,a1d2f3dcbdb6deac51cc360ad72c91414c27231fa74aed3ec9a80915a864b819,2,CONFLICTING_LABEL,SM_0;SM_20;moisture_class;moisture_bin,capture_session;source_group,34;56,33;58,92,3;5,M_30_40;M_50_60,L_90_100,alluvial,UNAVAILABLE_NOT_IN_LABELS,UNAVAILABLE_NOT_IN_LABELS,phash:7b1d125189867c87,7940075ef00f6fb6e99a;a558ac5f3bb9b35369ee,Soil_Labeled_Data/M_30_40/L_90_100/alluvial/z5720143115861_efed4878483a1f7e23629c7386a6d09d.jpg;Soil_Labeled_Data/M_50_60/L_90_100/alluvial/z5720143115861_efed4878483a1f7e23629c7386a6d09d.jpg,DO_NOT_AUTO_RESOLVE
sha256:ad01962ff96b59c7,ad01962ff96b59c7f2e01deccfcfb26565289a1874d4cb18321c4c670dac82f3,3,CONFLICTING_LABEL,SM_0;SM_20;light_value;moisture_class;moisture_bin,capture_session;source_group,37;48;50,36;47;51,90;92;94,3;4;5,M_30_40;M_40_50;M_50_60,L_90_100,alluvial,UNAVAILABLE_NOT_IN_LABELS,UNAVAILABLE_NOT_IN_LABELS,phash:b0b7d47db6639108,1619b4ddca06207375ef;c9d19a6677d7aa1165e3;d548a2e31f798220120b,Soil_Labeled_Data/M_30_40/L_90_100/alluvial/z5720143090213_a08a9f5a97cdc656748cb7fa75edf338.jpg;Soil_Labeled_Data/M_40_50/L_90_100/alluvial/z5720143090213_a08a9f5a97cdc656748cb7fa75edf338.jpg;Soil_Labeled_Data/M_50_60/L_90_100/alluvial/z5720143090213_a08a9f5a97cdc656748cb7fa75edf338.jpg,DO_NOT_AUTO_RESOLVE
sha256:ade40a65a23d3063,ade40a65a23d306319ba2fadfc9c4d5eeaf049ca4046bd5fc41ea69a2e373fa9,3,CONFLICTING_LABEL,SM_0;SM_20;light_value;moisture_class;moisture_bin,capture_session;source_group,40;45;51,42;45;50,92;95;97,3;4;5,M_30_40;M_40_50;M_50_60,L_90_100,alluvial,UNAVAILABLE_NOT_IN_LABELS,UNAVAILABLE_NOT_IN_LABELS,phash:b1dd5e518be03381,2110bdaa4c861acb2b14;467e679fd7981577620c;d8dc21d0481fe80893b1,Soil_Labeled_Data/M_30_40/L_90_100/alluvial/z5720143180627_8991003c4168f68248331f4ae3cb75d1.jpg;Soil_Labeled_Data/M_40_50/L_90_100/alluvial/z5720143180627_8991003c4168f68248331f4ae3cb75d1.jpg;Soil_Labeled_Data/M_50_60/L_90_100/alluvial/z5720143180627_8991003c4168f68248331f4ae3cb75d1.jpg,DO_NOT_AUTO_RESOLVE
sha256:af54ceee1e6ea7ef,af54ceee1e6ea7ef7a866eb66ec5f0714bf947da83ee39e15e5e8cab789a92e8,3,CONFLICTING_LABEL,SM_0;SM_20;light_value;moisture_class;moisture_bin,capture_session;source_group,32;57;70,33;57;69,88;90,3;5;6,M_30_40;M_50_60;M_60_70,L_80_90,alluvial,UNAVAILABLE_NOT_IN_LABELS,UNAVAILABLE_NOT_IN_LABELS,phash:e7caa81515007dc6,1fa543af29f836ba939d;7d74920e75c420fd82ac;9a5e988d05401c6bb634,Soil_Labeled_Data/M_30_40/L_80_90/alluvial/z5720115833149_ed8419086eec88fa81ae29e84dd8ee29.jpg;Soil_Labeled_Data/M_50_60/L_80_90/alluvial/z5720115833149_ed8419086eec88fa81ae29e84dd8ee29.jpg;Soil_Labeled_Data/M_60_70/L_80_90/alluvial/z5720115833149_ed8419086eec88fa81ae29e84dd8ee29.jpg,DO_NOT_AUTO_RESOLVE
sha256:b2d381061e86750c,b2d381061e86750c596ea90c359ce7104609d9708781c75c65ed9c99f3190381,3,CONFLICTING_LABEL,SM_0;SM_20;light_value,capture_session;source_group,14;15;19,13;18,70;75;80,1,M_10_20,L_70_80,alluvial,UNAVAILABLE_NOT_IN_LABELS,UNAVAILABLE_NOT_IN_LABELS,phash:da003ea3a8a9acb4,345748309ec170eaa67a;6d4e6ee82a1c87426cb3;e27227412855f6a4f9de,Soil_Labeled_Data/M_10_20/L_70_80/alluvial/IMG_0702.JPG;Soil_Labeled_Data/M_10_20/L_70_80/alluvial/IMG_0705.JPG;Soil_Labeled_Data/M_10_20/L_70_80/alluvial/IMG_0706.JPG,DO_NOT_AUTO_RESOLVE
sha256:b31a63d28142efd5,b31a63d28142efd56024bd0e38ee4b1118ecaf2eca2f4cb0c721d8c954f5bcb9,4,CONFLICTING_LABEL,SM_0;SM_20;light_value;moisture_class;moisture_bin,capture_session;source_group,34;45;51;62,35;47;53;62,82;85;87;90,3;4;5;6,M_30_40;M_40_50;M_50_60;M_60_70,L_80_90,alluvial,UNAVAILABLE_NOT_IN_LABELS,UNAVAILABLE_NOT_IN_LABELS,phash:84986216fec716df,24fb23db17c1c696afa6;4a665346df06d3fb7205;6f3e63bc1d07f3a2167c;eb498ebfeb5f7a938612,Soil_Labeled_Data/M_30_40/L_80_90/alluvial/z5720115942754_8be2331cdea2f08eaa20a4d16f47702e.jpg;Soil_Labeled_Data/M_40_50/L_80_90/alluvial/z5720115942754_8be2331cdea2f08eaa20a4d16f47702e.jpg;Soil_Labeled_Data/M_50_60/L_80_90/alluvial/z5720115942754_8be2331cdea2f08eaa20a4d16f47702e.jpg;Soil_Labeled_Data/M_60_70/L_80_90/alluvial/z5720115942754_8be2331cdea2f08eaa20a4d16f47702e.jpg,DO_NOT_AUTO_RESOLVE
sha256:c7569787e7431004,c7569787e74310048696c82571cedd2cb89e66b961605a3059711b281284b503,3,CONFLICTING_LABEL,SM_0;SM_20;light_value;moisture_class;moisture_bin,capture_session;source_group,36;53;69,38;55;67,84;86;90,3;5;6,M_30_40;M_50_60;M_60_70,L_80_90,alluvial,UNAVAILABLE_NOT_IN_LABELS,UNAVAILABLE_NOT_IN_LABELS,phash:626459e0714fb404,26fd7b73161c46436846;522f4dc6b54162929fdf;d5f1ca4f6698101eadd6,Soil_Labeled_Data/M_30_40/L_80_90/alluvial/z5720115653272_3de34aa127a04a50ac17b19f6c26e982.jpg;Soil_Labeled_Data/M_50_60/L_80_90/alluvial/z5720115653272_3de34aa127a04a50ac17b19f6c26e982.jpg;Soil_Labeled_Data/M_60_70/L_80_90/alluvial/z5720115653272_3de34aa127a04a50ac17b19f6c26e982.jpg,DO_NOT_AUTO_RESOLVE
sha256:ca85bf8ff5a35539,ca85bf8ff5a35539fefbb847acbe12f7f32ecbe248c145a844b511e7bc339c0a,2,CONFLICTING_LABEL,SM_0;SM_20;moisture_class;moisture_bin,capture_session;source_group,37;54,38;52,90,3;5,M_30_40;M_50_60,L_90_100,alluvial,UNAVAILABLE_NOT_IN_LABELS,UNAVAILABLE_NOT_IN_LABELS,phash:22eb69568175d464,4cbcebd06995963b1d0b;d5a806e97c50b967d5ed,Soil_Labeled_Data/M_30_40/L_90_100/alluvial/z5720142944680_d4f5166a1f72d6cb4ddfe9316119b767.jpg;Soil_Labeled_Data/M_50_60/L_90_100/alluvial/z5720142944680_d4f5166a1f72d6cb4ddfe9316119b767.jpg,DO_NOT_AUTO_RESOLVE
sha256:cbcffdd73df06e0b,cbcffdd73df06e0b072756c13f9f0563e8072b9b0b5a5f3023123493706fc4bd,2,CONFLICTING_LABEL,SM_0;SM_20;moisture_class;moisture_bin,capture_session;source_group,37;58,35;57,95,3;5,M_30_40;M_50_60,L_90_100,alluvial,UNAVAILABLE_NOT_IN_LABELS,UNAVAILABLE_NOT_IN_LABELS,phash:6510f6bdb0172e7d,4e944eb63f277f836438;5a341cd1b592f07b47e6,Soil_Labeled_Data/M_30_40/L_90_100/alluvial/z5720142535965_7f8fdeed5b9f25c4800540f4c7109134.jpg;Soil_Labeled_Data/M_50_60/L_90_100/alluvial/z5720142535965_7f8fdeed5b9f25c4800540f4c7109134.jpg,DO_NOT_AUTO_RESOLVE
sha256:d27c8f193d45dc32,d27c8f193d45dc320ed6bfa0639a1374901b85f74b60878fbb42dd02333cc0a0,4,CONFLICTING_LABEL,SM_0;SM_20;light_value;moisture_class;moisture_bin,capture_session;source_group,33;50;56;70,33;49;59;72,80;84,3;4;5;6,M_30_40;M_40_50;M_50_60;M_60_70,L_80_90,alluvial,UNAVAILABLE_NOT_IN_LABELS,UNAVAILABLE_NOT_IN_LABELS,phash:50850ca5bd08d144,485fdb9d28b76ff61729;b4f05c22fbe7dab51e15;ea70868f5346415b7226;ee5f037344150d793037,Soil_Labeled_Data/M_30_40/L_80_90/alluvial/z5720116085194_b4c6d844bda5f6a7533e048925576cdd.jpg;Soil_Labeled_Data/M_40_50/L_80_90/alluvial/z5720116085194_b4c6d844bda5f6a7533e048925576cdd.jpg;Soil_Labeled_Data/M_50_60/L_80_90/alluvial/z5720116085194_b4c6d844bda5f6a7533e048925576cdd.jpg;Soil_Labeled_Data/M_60_70/L_80_90/alluvial/z5720116085194_b4c6d844bda5f6a7533e048925576cdd.jpg,DO_NOT_AUTO_RESOLVE
sha256:d2d846cd4e716f73,d2d846cd4e716f7399ac6b2fe8d1b99b43285e9b37aad353e7b55b7f2ba4a9b0,3,CONFLICTING_LABEL,SM_0;SM_20;light_value;moisture_class;moisture_bin,capture_session;source_group,30;59;65,31;58;67,80;81,3;5;6,M_30_40;M_50_60;M_60_70,L_80_90,alluvial,UNAVAILABLE_NOT_IN_LABELS,UNAVAILABLE_NOT_IN_LABELS,phash:87a0fc93f2cf29b3,17326f97c235bfba4264;9d3d89498f757e2dd92f;a006a8ab8d62d6c421d6,Soil_Labeled_Data/M_30_40/L_80_90/alluvial/z5720115969160_90e7c8fe51469c6537b93b0b5051f46d.jpg;Soil_Labeled_Data/M_50_60/L_80_90/alluvial/z5720115969160_90e7c8fe51469c6537b93b0b5051f46d.jpg;Soil_Labeled_Data/M_60_70/L_80_90/alluvial/z5720115969160_90e7c8fe51469c6537b93b0b5051f46d.jpg,DO_NOT_AUTO_RESOLVE
sha256:da67778185dbfeb3,da67778185dbfeb35e18acd99a4b43850e693e80c558855b36f342b4d4360d30,4,CONFLICTING_LABEL,SM_0;SM_20;light_value;moisture_class;moisture_bin,capture_session;source_group,30;41;55;68,30;43;57;67,83;84;86;89,3;4;5;6,M_30_40;M_40_50;M_50_60;M_60_70,L_80_90,alluvial,UNAVAILABLE_NOT_IN_LABELS,UNAVAILABLE_NOT_IN_LABELS,phash:7986c044b478daae,0a589880d0b0ee979213;1735377141e132151314;d3ca936e6a4c637cefe3;dc2f7322d17c965d4f37,Soil_Labeled_Data/M_30_40/L_80_90/alluvial/z5720115687004_c7046b6ed304fe8ccbb693c1af288980.jpg;Soil_Labeled_Data/M_40_50/L_80_90/alluvial/z5720115687004_c7046b6ed304fe8ccbb693c1af288980.jpg;Soil_Labeled_Data/M_50_60/L_80_90/alluvial/z5720115687004_c7046b6ed304fe8ccbb693c1af288980.jpg;Soil_Labeled_Data/M_60_70/L_80_90/alluvial/z5720115687004_c7046b6ed304fe8ccbb693c1af288980.jpg,DO_NOT_AUTO_RESOLVE
sha256:e71702166efad6b7,e71702166efad6b72f962a665ebf221f6f5a689ab58d63bea2d33f3b5bea0a06,2,CONFLICTING_LABEL,SM_0;SM_20;light_value,capture_session;source_group,13;20,12;20,80;84,1,M_10_20,L_80_90,alluvial,UNAVAILABLE_NOT_IN_LABELS,UNAVAILABLE_NOT_IN_LABELS,phash:79d3404476848e8d,11ef52f24adbf37dcfe0;f5c220da2afe85bd166b,Soil_Labeled_Data/M_10_20/L_80_90/alluvial/IMG_0751.JPG;Soil_Labeled_Data/M_10_20/L_80_90/alluvial/IMG_0752.JPG,DO_NOT_AUTO_RESOLVE
sha256:e7d94a42af104da7,e7d94a42af104da7bdf576e1af439aa873e09e789ad3de009fe5f51e79b02b3f,3,CONFLICTING_LABEL,SM_0;SM_20;light_value;moisture_class;moisture_bin,capture_session;source_group,36;60;70,37;61;68,80;84;89,3;5;6,M_30_40;M_50_60;M_60_70,L_80_90,alluvial,UNAVAILABLE_NOT_IN_LABELS,UNAVAILABLE_NOT_IN_LABELS,phash:32fa337bf04ea824,9206eab7435ff06a712b;ae5f1b5fa493968282ff;e44f9cc03f7f33c1e7f4,Soil_Labeled_Data/M_30_40/L_80_90/alluvial/z5720116069849_bcc6949c92dd61a3b67028202e4c3c2a.jpg;Soil_Labeled_Data/M_50_60/L_80_90/alluvial/z5720116069849_bcc6949c92dd61a3b67028202e4c3c2a.jpg;Soil_Labeled_Data/M_60_70/L_80_90/alluvial/z5720116069849_bcc6949c92dd61a3b67028202e4c3c2a.jpg,DO_NOT_AUTO_RESOLVE
sha256:f6f490aa8c06c3f3,f6f490aa8c06c3f394c6af6b860648034089de50325cbb7a66c6e52da0ace352,3,CONFLICTING_LABEL,SM_0;SM_20;light_value;moisture_class;moisture_bin,capture_session;source_group,32;45;52,31;43;54,94;96;98,3;4;5,M_30_40;M_40_50;M_50_60,L_90_100,alluvial,UNAVAILABLE_NOT_IN_LABELS,UNAVAILABLE_NOT_IN_LABELS,phash:1d3c79345db274e1,d12ab2bb1b4cb5c3ff57;ea620fad2572c87eb336;f8ddbb74af8c1be93fc2,Soil_Labeled_Data/M_30_40/L_90_100/alluvial/z5720142803519_7e7073968e86e15707d41ef2d1f8a1cb.jpg;Soil_Labeled_Data/M_40_50/L_90_100/alluvial/z5720142803519_7e7073968e86e15707d41ef2d1f8a1cb.jpg;Soil_Labeled_Data/M_50_60/L_90_100/alluvial/z5720142803519_7e7073968e86e15707d41ef2d1f8a1cb.jpg,DO_NOT_AUTO_RESOLVE
sha256:f78a84e7b2a6e850,f78a84e7b2a6e850c20e699b6715e85009c356da4b0001f92227be59ff662b36,4,CONFLICTING_LABEL,SM_0;SM_20;light_value;moisture_class;moisture_bin,capture_session;source_group,30;46;57;67,32;46;59;66,83;84;88,3;4;5;6,M_30_40;M_40_50;M_50_60;M_60_70,L_80_90,alluvial,UNAVAILABLE_NOT_IN_LABELS,UNAVAILABLE_NOT_IN_LABELS,phash:53a18805beeb0d82,61cadbb7ab6f98654808;86973bf50510b1a8d8f5;a7cd032687a48bf511e8;bf5347894784387faaf4,Soil_Labeled_Data/M_30_40/L_80_90/alluvial/z5720115994271_6ee046f5429b540fab54644ee387967d.jpg;Soil_Labeled_Data/M_40_50/L_80_90/alluvial/z5720115994271_6ee046f5429b540fab54644ee387967d.jpg;Soil_Labeled_Data/M_50_60/L_80_90/alluvial/z5720115994271_6ee046f5429b540fab54644ee387967d.jpg;Soil_Labeled_Data/M_60_70/L_80_90/alluvial/z5720115994271_6ee046f5429b540fab54644ee387967d.jpg,DO_NOT_AUTO_RESOLVE
