candidate_id,path,scope,sha256,category,mu,imagenet_initialized,ssl_method,epoch_if_known,encoder_present,projector_present,compatible_with_final_soilnet,lineage_status,linked_notebook,linked_metrics,selection_status,reason
CHECKPOINT_ROOT:42599ac025b8d8c8c5b8,CHECKPOINT_ROOT:checkpoints_VicReg_original_NEW/vicreg_model_final_mu_27.0.pth,CHECKPOINT_ROOT,42599ac025b8d8c8c5b8cca36624665f155e0ff588cd90de2fd47b08cd2d60d8,SSL_BACKBONE,27,True,VICReg,80,True,False,True,VERIFIED_LINEAGE,LEGACY_GITHUB:checkpoints_Vicreg_original_NEW/VicReg_SoiNet_optimized_mu_27.ipynb,CHECKPOINT_ROOT:checkpoints_VicReg_original_NEW/vicreg_metrics_original_soilnet_mu_27.csv,SELECTED_FOR_FINAL_REVALIDATION,Safe compatible raw SoilNet state; identical tensor-for-tensor to epoch-80 model_state_dict; epoch/loss matches the 80-row mu=27 CSV; save notebook is byte-identical across DATA_ROOT and pinned legacy; 269 verified legacy mobilevit_full alias keys are removed before strict canonical loading.
CHECKPOINT_ROOT:2bc01fe41632d8cfad0b,CHECKPOINT_ROOT:checkpoints_VicReg_original_NEW/vicreg_mu_27.0_epoch_1.pth,CHECKPOINT_ROOT,2bc01fe41632d8cfad0b2634df2a9add73c1accde50dcafaa3c3c933b5b0c532,PARTIAL_STATE,27,True,VICReg,1,True,True,True,HIGH_CONFIDENCE_LINEAGE,LEGACY_GITHUB:checkpoints_Vicreg_original_NEW/VicReg_SoiNet_optimized_mu_27.ipynb,CHECKPOINT_ROOT:checkpoints_VicReg_original_NEW/vicreg_metrics_original_soilnet_mu_27.csv,REJECTED_INTERMEDIATE_SSL_EPOCH,Intermediate SSL training state is superseded by the tensor-identical final epoch-80 raw model state.
CHECKPOINT_ROOT:75fb0f09965766e2c23e,CHECKPOINT_ROOT:checkpoints_VicReg_original_NEW/vicreg_mu_27.0_epoch_10.pth,CHECKPOINT_ROOT,75fb0f09965766e2c23e836d5227206454c3df319edb67d636ac2c9275adcbb3,PARTIAL_STATE,27,True,VICReg,10,True,True,True,HIGH_CONFIDENCE_LINEAGE,LEGACY_GITHUB:checkpoints_Vicreg_original_NEW/VicReg_SoiNet_optimized_mu_27.ipynb,CHECKPOINT_ROOT:checkpoints_VicReg_original_NEW/vicreg_metrics_original_soilnet_mu_27.csv,REJECTED_INTERMEDIATE_SSL_EPOCH,Intermediate SSL training state is superseded by the tensor-identical final epoch-80 raw model state.
CHECKPOINT_ROOT:20674c8327c063879a0a,CHECKPOINT_ROOT:checkpoints_VicReg_original_NEW/vicreg_mu_27.0_epoch_11.pth,CHECKPOINT_ROOT,20674c8327c063879a0ae036494f4d130806fabb1b79b87731351081dc175deb,PARTIAL_STATE,27,True,VICReg,11,True,True,True,HIGH_CONFIDENCE_LINEAGE,LEGACY_GITHUB:checkpoints_Vicreg_original_NEW/VicReg_SoiNet_optimized_mu_27.ipynb,CHECKPOINT_ROOT:checkpoints_VicReg_original_NEW/vicreg_metrics_original_soilnet_mu_27.csv,REJECTED_INTERMEDIATE_SSL_EPOCH,Intermediate SSL training state is superseded by the tensor-identical final epoch-80 raw model state.
CHECKPOINT_ROOT:cb44caf02418d5e74594,CHECKPOINT_ROOT:checkpoints_VicReg_original_NEW/vicreg_mu_27.0_epoch_12.pth,CHECKPOINT_ROOT,cb44caf02418d5e74594293d41946ac40b418bcddb3e21e16e30ca8526597e7c,PARTIAL_STATE,27,True,VICReg,12,True,True,True,HIGH_CONFIDENCE_LINEAGE,LEGACY_GITHUB:checkpoints_Vicreg_original_NEW/VicReg_SoiNet_optimized_mu_27.ipynb,CHECKPOINT_ROOT:checkpoints_VicReg_original_NEW/vicreg_metrics_original_soilnet_mu_27.csv,REJECTED_INTERMEDIATE_SSL_EPOCH,Intermediate SSL training state is superseded by the tensor-identical final epoch-80 raw model state.
CHECKPOINT_ROOT:cbece95a8032d1db5fe6,CHECKPOINT_ROOT:checkpoints_VicReg_original_NEW/vicreg_mu_27.0_epoch_13.pth,CHECKPOINT_ROOT,cbece95a8032d1db5fe63d4e4b1b3f73ed7be979b71bf598d99fe5d527ee7429,PARTIAL_STATE,27,True,VICReg,13,True,True,True,HIGH_CONFIDENCE_LINEAGE,LEGACY_GITHUB:checkpoints_Vicreg_original_NEW/VicReg_SoiNet_optimized_mu_27.ipynb,CHECKPOINT_ROOT:checkpoints_VicReg_original_NEW/vicreg_metrics_original_soilnet_mu_27.csv,REJECTED_INTERMEDIATE_SSL_EPOCH,Intermediate SSL training state is superseded by the tensor-identical final epoch-80 raw model state.
CHECKPOINT_ROOT:3f92fced17ca61825bdb,CHECKPOINT_ROOT:checkpoints_VicReg_original_NEW/vicreg_mu_27.0_epoch_14.pth,CHECKPOINT_ROOT,3f92fced17ca61825bdb06eca96b3238008198417fb93560f51ce0d74f23cfae,PARTIAL_STATE,27,True,VICReg,14,True,True,True,HIGH_CONFIDENCE_LINEAGE,LEGACY_GITHUB:checkpoints_Vicreg_original_NEW/VicReg_SoiNet_optimized_mu_27.ipynb,CHECKPOINT_ROOT:checkpoints_VicReg_original_NEW/vicreg_metrics_original_soilnet_mu_27.csv,REJECTED_INTERMEDIATE_SSL_EPOCH,Intermediate SSL training state is superseded by the tensor-identical final epoch-80 raw model state.
CHECKPOINT_ROOT:cb1b7243f61c9cbe7c96,CHECKPOINT_ROOT:checkpoints_VicReg_original_NEW/vicreg_mu_27.0_epoch_15.pth,CHECKPOINT_ROOT,cb1b7243f61c9cbe7c96f786efa3e2d82877be2004243c651f76a4767f3ea6e5,PARTIAL_STATE,27,True,VICReg,15,True,True,True,HIGH_CONFIDENCE_LINEAGE,LEGACY_GITHUB:checkpoints_Vicreg_original_NEW/VicReg_SoiNet_optimized_mu_27.ipynb,CHECKPOINT_ROOT:checkpoints_VicReg_original_NEW/vicreg_metrics_original_soilnet_mu_27.csv,REJECTED_INTERMEDIATE_SSL_EPOCH,Intermediate SSL training state is superseded by the tensor-identical final epoch-80 raw model state.
CHECKPOINT_ROOT:c8f99f20aec6f4526690,CHECKPOINT_ROOT:checkpoints_VicReg_original_NEW/vicreg_mu_27.0_epoch_16.pth,CHECKPOINT_ROOT,c8f99f20aec6f452669096c7e79b2c49c4568e975fa2297ca461753029393755,PARTIAL_STATE,27,True,VICReg,16,True,True,True,HIGH_CONFIDENCE_LINEAGE,LEGACY_GITHUB:checkpoints_Vicreg_original_NEW/VicReg_SoiNet_optimized_mu_27.ipynb,CHECKPOINT_ROOT:checkpoints_VicReg_original_NEW/vicreg_metrics_original_soilnet_mu_27.csv,REJECTED_INTERMEDIATE_SSL_EPOCH,Intermediate SSL training state is superseded by the tensor-identical final epoch-80 raw model state.
CHECKPOINT_ROOT:b063e23c7a0fb3c4f0b6,CHECKPOINT_ROOT:checkpoints_VicReg_original_NEW/vicreg_mu_27.0_epoch_17.pth,CHECKPOINT_ROOT,b063e23c7a0fb3c4f0b6a6f924e8888f11f56f49eb861b567d4f9f7029d1c75c,PARTIAL_STATE,27,True,VICReg,17,True,True,True,HIGH_CONFIDENCE_LINEAGE,LEGACY_GITHUB:checkpoints_Vicreg_original_NEW/VicReg_SoiNet_optimized_mu_27.ipynb,CHECKPOINT_ROOT:checkpoints_VicReg_original_NEW/vicreg_metrics_original_soilnet_mu_27.csv,REJECTED_INTERMEDIATE_SSL_EPOCH,Intermediate SSL training state is superseded by the tensor-identical final epoch-80 raw model state.
CHECKPOINT_ROOT:cb0eb379ab3a07e65927,CHECKPOINT_ROOT:checkpoints_VicReg_original_NEW/vicreg_mu_27.0_epoch_18.pth,CHECKPOINT_ROOT,cb0eb379ab3a07e65927448d3cc629822ad273d9faa484fb1ade92ff87ce06a8,PARTIAL_STATE,27,True,VICReg,18,True,True,True,HIGH_CONFIDENCE_LINEAGE,LEGACY_GITHUB:checkpoints_Vicreg_original_NEW/VicReg_SoiNet_optimized_mu_27.ipynb,CHECKPOINT_ROOT:checkpoints_VicReg_original_NEW/vicreg_metrics_original_soilnet_mu_27.csv,REJECTED_INTERMEDIATE_SSL_EPOCH,Intermediate SSL training state is superseded by the tensor-identical final epoch-80 raw model state.
CHECKPOINT_ROOT:deb4e6de6c6dbdb799c1,CHECKPOINT_ROOT:checkpoints_VicReg_original_NEW/vicreg_mu_27.0_epoch_19.pth,CHECKPOINT_ROOT,deb4e6de6c6dbdb799c1ab4c848023376ffca44cd862b87cac49630c3ff8472a,PARTIAL_STATE,27,True,VICReg,19,True,True,True,HIGH_CONFIDENCE_LINEAGE,LEGACY_GITHUB:checkpoints_Vicreg_original_NEW/VicReg_SoiNet_optimized_mu_27.ipynb,CHECKPOINT_ROOT:checkpoints_VicReg_original_NEW/vicreg_metrics_original_soilnet_mu_27.csv,REJECTED_INTERMEDIATE_SSL_EPOCH,Intermediate SSL training state is superseded by the tensor-identical final epoch-80 raw model state.
CHECKPOINT_ROOT:f303460122f226a9bb99,CHECKPOINT_ROOT:checkpoints_VicReg_original_NEW/vicreg_mu_27.0_epoch_2.pth,CHECKPOINT_ROOT,f303460122f226a9bb995b4fae58fc74ca46278f1645edfd7c457c0af8e72978,PARTIAL_STATE,27,True,VICReg,2,True,True,True,HIGH_CONFIDENCE_LINEAGE,LEGACY_GITHUB:checkpoints_Vicreg_original_NEW/VicReg_SoiNet_optimized_mu_27.ipynb,CHECKPOINT_ROOT:checkpoints_VicReg_original_NEW/vicreg_metrics_original_soilnet_mu_27.csv,REJECTED_INTERMEDIATE_SSL_EPOCH,Intermediate SSL training state is superseded by the tensor-identical final epoch-80 raw model state.
CHECKPOINT_ROOT:415ad390aebdf9088f2f,CHECKPOINT_ROOT:checkpoints_VicReg_original_NEW/vicreg_mu_27.0_epoch_20.pth,CHECKPOINT_ROOT,415ad390aebdf9088f2fe913f7a183368adec138daf5b102fbe196b16a7b7c71,PARTIAL_STATE,27,True,VICReg,20,True,True,True,HIGH_CONFIDENCE_LINEAGE,LEGACY_GITHUB:checkpoints_Vicreg_original_NEW/VicReg_SoiNet_optimized_mu_27.ipynb,CHECKPOINT_ROOT:checkpoints_VicReg_original_NEW/vicreg_metrics_original_soilnet_mu_27.csv,REJECTED_INTERMEDIATE_SSL_EPOCH,Intermediate SSL training state is superseded by the tensor-identical final epoch-80 raw model state.
CHECKPOINT_ROOT:6962ce014878d731d682,CHECKPOINT_ROOT:checkpoints_VicReg_original_NEW/vicreg_mu_27.0_epoch_21.pth,CHECKPOINT_ROOT,6962ce014878d731d6827732477acd6a6bfd646ca2b5bade31d2ebefd737d0c1,PARTIAL_STATE,27,True,VICReg,21,True,True,True,HIGH_CONFIDENCE_LINEAGE,LEGACY_GITHUB:checkpoints_Vicreg_original_NEW/VicReg_SoiNet_optimized_mu_27.ipynb,CHECKPOINT_ROOT:checkpoints_VicReg_original_NEW/vicreg_metrics_original_soilnet_mu_27.csv,REJECTED_INTERMEDIATE_SSL_EPOCH,Intermediate SSL training state is superseded by the tensor-identical final epoch-80 raw model state.
CHECKPOINT_ROOT:910ca0dbdf5d973089c1,CHECKPOINT_ROOT:checkpoints_VicReg_original_NEW/vicreg_mu_27.0_epoch_22.pth,CHECKPOINT_ROOT,910ca0dbdf5d973089c1162913bb8731a5ecee5f408ca73249a4948ad63ff355,PARTIAL_STATE,27,True,VICReg,22,True,True,True,HIGH_CONFIDENCE_LINEAGE,LEGACY_GITHUB:checkpoints_Vicreg_original_NEW/VicReg_SoiNet_optimized_mu_27.ipynb,CHECKPOINT_ROOT:checkpoints_VicReg_original_NEW/vicreg_metrics_original_soilnet_mu_27.csv,REJECTED_INTERMEDIATE_SSL_EPOCH,Intermediate SSL training state is superseded by the tensor-identical final epoch-80 raw model state.
CHECKPOINT_ROOT:8f5a8cfad4df99c9332e,CHECKPOINT_ROOT:checkpoints_VicReg_original_NEW/vicreg_mu_27.0_epoch_23.pth,CHECKPOINT_ROOT,8f5a8cfad4df99c9332e2bb752c862f175f28a925cd051de3257d5b37d1634da,PARTIAL_STATE,27,True,VICReg,23,True,True,True,HIGH_CONFIDENCE_LINEAGE,LEGACY_GITHUB:checkpoints_Vicreg_original_NEW/VicReg_SoiNet_optimized_mu_27.ipynb,CHECKPOINT_ROOT:checkpoints_VicReg_original_NEW/vicreg_metrics_original_soilnet_mu_27.csv,REJECTED_INTERMEDIATE_SSL_EPOCH,Intermediate SSL training state is superseded by the tensor-identical final epoch-80 raw model state.
CHECKPOINT_ROOT:c3bcf84cfaf2d4d263d1,CHECKPOINT_ROOT:checkpoints_VicReg_original_NEW/vicreg_mu_27.0_epoch_24.pth,CHECKPOINT_ROOT,c3bcf84cfaf2d4d263d1d1572ffbc256f0313909329f52b6d10804918e4a53a0,PARTIAL_STATE,27,True,VICReg,24,True,True,True,HIGH_CONFIDENCE_LINEAGE,LEGACY_GITHUB:checkpoints_Vicreg_original_NEW/VicReg_SoiNet_optimized_mu_27.ipynb,CHECKPOINT_ROOT:checkpoints_VicReg_original_NEW/vicreg_metrics_original_soilnet_mu_27.csv,REJECTED_INTERMEDIATE_SSL_EPOCH,Intermediate SSL training state is superseded by the tensor-identical final epoch-80 raw model state.
CHECKPOINT_ROOT:1e50052836dcca57ef9a,CHECKPOINT_ROOT:checkpoints_VicReg_original_NEW/vicreg_mu_27.0_epoch_25.pth,CHECKPOINT_ROOT,1e50052836dcca57ef9a424f09074f9fefe9efd9a40a66a0b5f81c7979c64ffa,PARTIAL_STATE,27,True,VICReg,25,True,True,True,HIGH_CONFIDENCE_LINEAGE,LEGACY_GITHUB:checkpoints_Vicreg_original_NEW/VicReg_SoiNet_optimized_mu_27.ipynb,CHECKPOINT_ROOT:checkpoints_VicReg_original_NEW/vicreg_metrics_original_soilnet_mu_27.csv,REJECTED_INTERMEDIATE_SSL_EPOCH,Intermediate SSL training state is superseded by the tensor-identical final epoch-80 raw model state.
CHECKPOINT_ROOT:3e4a2d753123b16bcc5e,CHECKPOINT_ROOT:checkpoints_VicReg_original_NEW/vicreg_mu_27.0_epoch_26.pth,CHECKPOINT_ROOT,3e4a2d753123b16bcc5e8859996803e93f4ec205282f16451d5a25fda015e6be,PARTIAL_STATE,27,True,VICReg,26,True,True,True,HIGH_CONFIDENCE_LINEAGE,LEGACY_GITHUB:checkpoints_Vicreg_original_NEW/VicReg_SoiNet_optimized_mu_27.ipynb,CHECKPOINT_ROOT:checkpoints_VicReg_original_NEW/vicreg_metrics_original_soilnet_mu_27.csv,REJECTED_INTERMEDIATE_SSL_EPOCH,Intermediate SSL training state is superseded by the tensor-identical final epoch-80 raw model state.
CHECKPOINT_ROOT:b850ff6c6a3616ccc83b,CHECKPOINT_ROOT:checkpoints_VicReg_original_NEW/vicreg_mu_27.0_epoch_27.pth,CHECKPOINT_ROOT,b850ff6c6a3616ccc83b9634f98946b582579e31151590a4edec8bbc06cf50cc,PARTIAL_STATE,27,True,VICReg,27,True,True,True,HIGH_CONFIDENCE_LINEAGE,LEGACY_GITHUB:checkpoints_Vicreg_original_NEW/VicReg_SoiNet_optimized_mu_27.ipynb,CHECKPOINT_ROOT:checkpoints_VicReg_original_NEW/vicreg_metrics_original_soilnet_mu_27.csv,REJECTED_INTERMEDIATE_SSL_EPOCH,Intermediate SSL training state is superseded by the tensor-identical final epoch-80 raw model state.
CHECKPOINT_ROOT:8b520e62dc569795bfe3,CHECKPOINT_ROOT:checkpoints_VicReg_original_NEW/vicreg_mu_27.0_epoch_28.pth,CHECKPOINT_ROOT,8b520e62dc569795bfe3ba26e63eade0b892083223ad5f57bfa21533061f82da,PARTIAL_STATE,27,True,VICReg,28,True,True,True,HIGH_CONFIDENCE_LINEAGE,LEGACY_GITHUB:checkpoints_Vicreg_original_NEW/VicReg_SoiNet_optimized_mu_27.ipynb,CHECKPOINT_ROOT:checkpoints_VicReg_original_NEW/vicreg_metrics_original_soilnet_mu_27.csv,REJECTED_INTERMEDIATE_SSL_EPOCH,Intermediate SSL training state is superseded by the tensor-identical final epoch-80 raw model state.
CHECKPOINT_ROOT:106bcc8577c6d2919b07,CHECKPOINT_ROOT:checkpoints_VicReg_original_NEW/vicreg_mu_27.0_epoch_29.pth,CHECKPOINT_ROOT,106bcc8577c6d2919b0747c237b710f624bc2a02f26fc8363b68615487d69461,PARTIAL_STATE,27,True,VICReg,29,True,True,True,HIGH_CONFIDENCE_LINEAGE,LEGACY_GITHUB:checkpoints_Vicreg_original_NEW/VicReg_SoiNet_optimized_mu_27.ipynb,CHECKPOINT_ROOT:checkpoints_VicReg_original_NEW/vicreg_metrics_original_soilnet_mu_27.csv,REJECTED_INTERMEDIATE_SSL_EPOCH,Intermediate SSL training state is superseded by the tensor-identical final epoch-80 raw model state.
CHECKPOINT_ROOT:16b69f646ab157d0b268,CHECKPOINT_ROOT:checkpoints_VicReg_original_NEW/vicreg_mu_27.0_epoch_3.pth,CHECKPOINT_ROOT,16b69f646ab157d0b2681bd47438dd44d632a0fcd7105d97d001a8bf4b95c427,PARTIAL_STATE,27,True,VICReg,3,True,True,True,HIGH_CONFIDENCE_LINEAGE,LEGACY_GITHUB:checkpoints_Vicreg_original_NEW/VicReg_SoiNet_optimized_mu_27.ipynb,CHECKPOINT_ROOT:checkpoints_VicReg_original_NEW/vicreg_metrics_original_soilnet_mu_27.csv,REJECTED_INTERMEDIATE_SSL_EPOCH,Intermediate SSL training state is superseded by the tensor-identical final epoch-80 raw model state.
CHECKPOINT_ROOT:d03250fcd59dd7c6ebf4,CHECKPOINT_ROOT:checkpoints_VicReg_original_NEW/vicreg_mu_27.0_epoch_30.pth,CHECKPOINT_ROOT,d03250fcd59dd7c6ebf45fe5bfb5972a86094a71faf1728c5dec7d258fbd6bec,PARTIAL_STATE,27,True,VICReg,30,True,True,True,HIGH_CONFIDENCE_LINEAGE,LEGACY_GITHUB:checkpoints_Vicreg_original_NEW/VicReg_SoiNet_optimized_mu_27.ipynb,CHECKPOINT_ROOT:checkpoints_VicReg_original_NEW/vicreg_metrics_original_soilnet_mu_27.csv,REJECTED_INTERMEDIATE_SSL_EPOCH,Intermediate SSL training state is superseded by the tensor-identical final epoch-80 raw model state.
CHECKPOINT_ROOT:0fddd2fc6b6864340648,CHECKPOINT_ROOT:checkpoints_VicReg_original_NEW/vicreg_mu_27.0_epoch_31.pth,CHECKPOINT_ROOT,0fddd2fc6b686434064842219a7bb0ce1a939d14c23285a98af1b673719bb342,PARTIAL_STATE,27,True,VICReg,31,True,True,True,HIGH_CONFIDENCE_LINEAGE,LEGACY_GITHUB:checkpoints_Vicreg_original_NEW/VicReg_SoiNet_optimized_mu_27.ipynb,CHECKPOINT_ROOT:checkpoints_VicReg_original_NEW/vicreg_metrics_original_soilnet_mu_27.csv,REJECTED_INTERMEDIATE_SSL_EPOCH,Intermediate SSL training state is superseded by the tensor-identical final epoch-80 raw model state.
CHECKPOINT_ROOT:28ee2786394aa3b4c809,CHECKPOINT_ROOT:checkpoints_VicReg_original_NEW/vicreg_mu_27.0_epoch_32.pth,CHECKPOINT_ROOT,28ee2786394aa3b4c809599e68513fddbfa4f4695a08b26f646d1b1983a5e058,PARTIAL_STATE,27,True,VICReg,32,True,True,True,HIGH_CONFIDENCE_LINEAGE,LEGACY_GITHUB:checkpoints_Vicreg_original_NEW/VicReg_SoiNet_optimized_mu_27.ipynb,CHECKPOINT_ROOT:checkpoints_VicReg_original_NEW/vicreg_metrics_original_soilnet_mu_27.csv,REJECTED_INTERMEDIATE_SSL_EPOCH,Intermediate SSL training state is superseded by the tensor-identical final epoch-80 raw model state.
CHECKPOINT_ROOT:88ae8080ef24580cc832,CHECKPOINT_ROOT:checkpoints_VicReg_original_NEW/vicreg_mu_27.0_epoch_33.pth,CHECKPOINT_ROOT,88ae8080ef24580cc8320b5db201d787b4e9637be590de46aae2d5e69e6e2905,PARTIAL_STATE,27,True,VICReg,33,True,True,True,HIGH_CONFIDENCE_LINEAGE,LEGACY_GITHUB:checkpoints_Vicreg_original_NEW/VicReg_SoiNet_optimized_mu_27.ipynb,CHECKPOINT_ROOT:checkpoints_VicReg_original_NEW/vicreg_metrics_original_soilnet_mu_27.csv,REJECTED_INTERMEDIATE_SSL_EPOCH,Intermediate SSL training state is superseded by the tensor-identical final epoch-80 raw model state.
CHECKPOINT_ROOT:942fc930ba613080c79f,CHECKPOINT_ROOT:checkpoints_VicReg_original_NEW/vicreg_mu_27.0_epoch_34.pth,CHECKPOINT_ROOT,942fc930ba613080c79f056bd27dc27d93b47e28374741a8d6c71321e1a4dd2c,PARTIAL_STATE,27,True,VICReg,34,True,True,True,HIGH_CONFIDENCE_LINEAGE,LEGACY_GITHUB:checkpoints_Vicreg_original_NEW/VicReg_SoiNet_optimized_mu_27.ipynb,CHECKPOINT_ROOT:checkpoints_VicReg_original_NEW/vicreg_metrics_original_soilnet_mu_27.csv,REJECTED_INTERMEDIATE_SSL_EPOCH,Intermediate SSL training state is superseded by the tensor-identical final epoch-80 raw model state.
CHECKPOINT_ROOT:88058d93aa54867876ee,CHECKPOINT_ROOT:checkpoints_VicReg_original_NEW/vicreg_mu_27.0_epoch_35.pth,CHECKPOINT_ROOT,88058d93aa54867876ee8af03e66c0954557548244b9bff6566a41fdd085b14e,PARTIAL_STATE,27,True,VICReg,35,True,True,True,HIGH_CONFIDENCE_LINEAGE,LEGACY_GITHUB:checkpoints_Vicreg_original_NEW/VicReg_SoiNet_optimized_mu_27.ipynb,CHECKPOINT_ROOT:checkpoints_VicReg_original_NEW/vicreg_metrics_original_soilnet_mu_27.csv,REJECTED_INTERMEDIATE_SSL_EPOCH,Intermediate SSL training state is superseded by the tensor-identical final epoch-80 raw model state.
CHECKPOINT_ROOT:e64da0a900600cdb7901,CHECKPOINT_ROOT:checkpoints_VicReg_original_NEW/vicreg_mu_27.0_epoch_36.pth,CHECKPOINT_ROOT,e64da0a900600cdb7901bf0dbff1868c03e6ab2342de01437427aea2dcdce678,PARTIAL_STATE,27,True,VICReg,36,True,True,True,HIGH_CONFIDENCE_LINEAGE,LEGACY_GITHUB:checkpoints_Vicreg_original_NEW/VicReg_SoiNet_optimized_mu_27.ipynb,CHECKPOINT_ROOT:checkpoints_VicReg_original_NEW/vicreg_metrics_original_soilnet_mu_27.csv,REJECTED_INTERMEDIATE_SSL_EPOCH,Intermediate SSL training state is superseded by the tensor-identical final epoch-80 raw model state.
CHECKPOINT_ROOT:64ef5aaec5f929293b4d,CHECKPOINT_ROOT:checkpoints_VicReg_original_NEW/vicreg_mu_27.0_epoch_37.pth,CHECKPOINT_ROOT,64ef5aaec5f929293b4de1cbb071cf4e21a7935adfa1341b2df2755fa9abe9d7,PARTIAL_STATE,27,True,VICReg,37,True,True,True,HIGH_CONFIDENCE_LINEAGE,LEGACY_GITHUB:checkpoints_Vicreg_original_NEW/VicReg_SoiNet_optimized_mu_27.ipynb,CHECKPOINT_ROOT:checkpoints_VicReg_original_NEW/vicreg_metrics_original_soilnet_mu_27.csv,REJECTED_INTERMEDIATE_SSL_EPOCH,Intermediate SSL training state is superseded by the tensor-identical final epoch-80 raw model state.
CHECKPOINT_ROOT:bb1dea09588becc3b31c,CHECKPOINT_ROOT:checkpoints_VicReg_original_NEW/vicreg_mu_27.0_epoch_38.pth,CHECKPOINT_ROOT,bb1dea09588becc3b31c9cb08b034d932cc3d776affa2b3f02b3cb73cd6864e3,PARTIAL_STATE,27,True,VICReg,38,True,True,True,HIGH_CONFIDENCE_LINEAGE,LEGACY_GITHUB:checkpoints_Vicreg_original_NEW/VicReg_SoiNet_optimized_mu_27.ipynb,CHECKPOINT_ROOT:checkpoints_VicReg_original_NEW/vicreg_metrics_original_soilnet_mu_27.csv,REJECTED_INTERMEDIATE_SSL_EPOCH,Intermediate SSL training state is superseded by the tensor-identical final epoch-80 raw model state.
CHECKPOINT_ROOT:cdd8586f1d0c51cda745,CHECKPOINT_ROOT:checkpoints_VicReg_original_NEW/vicreg_mu_27.0_epoch_39.pth,CHECKPOINT_ROOT,cdd8586f1d0c51cda745748b1927b27c388f27c7663be4b013245baca303a07f,PARTIAL_STATE,27,True,VICReg,39,True,True,True,HIGH_CONFIDENCE_LINEAGE,LEGACY_GITHUB:checkpoints_Vicreg_original_NEW/VicReg_SoiNet_optimized_mu_27.ipynb,CHECKPOINT_ROOT:checkpoints_VicReg_original_NEW/vicreg_metrics_original_soilnet_mu_27.csv,REJECTED_INTERMEDIATE_SSL_EPOCH,Intermediate SSL training state is superseded by the tensor-identical final epoch-80 raw model state.
CHECKPOINT_ROOT:2321054db4ee9e2fdaed,CHECKPOINT_ROOT:checkpoints_VicReg_original_NEW/vicreg_mu_27.0_epoch_4.pth,CHECKPOINT_ROOT,2321054db4ee9e2fdaedafa8dd112361424db0525f60cae941f657d51805c1d5,PARTIAL_STATE,27,True,VICReg,4,True,True,True,HIGH_CONFIDENCE_LINEAGE,LEGACY_GITHUB:checkpoints_Vicreg_original_NEW/VicReg_SoiNet_optimized_mu_27.ipynb,CHECKPOINT_ROOT:checkpoints_VicReg_original_NEW/vicreg_metrics_original_soilnet_mu_27.csv,REJECTED_INTERMEDIATE_SSL_EPOCH,Intermediate SSL training state is superseded by the tensor-identical final epoch-80 raw model state.
CHECKPOINT_ROOT:201618e9b78f35ccbf63,CHECKPOINT_ROOT:checkpoints_VicReg_original_NEW/vicreg_mu_27.0_epoch_40.pth,CHECKPOINT_ROOT,201618e9b78f35ccbf631a6a7991802fab84109e8a2d84871fc2797f705ff3a6,PARTIAL_STATE,27,True,VICReg,40,True,True,True,HIGH_CONFIDENCE_LINEAGE,LEGACY_GITHUB:checkpoints_Vicreg_original_NEW/VicReg_SoiNet_optimized_mu_27.ipynb,CHECKPOINT_ROOT:checkpoints_VicReg_original_NEW/vicreg_metrics_original_soilnet_mu_27.csv,REJECTED_INTERMEDIATE_SSL_EPOCH,Intermediate SSL training state is superseded by the tensor-identical final epoch-80 raw model state.
CHECKPOINT_ROOT:5fb9aeaefab4c41fd3a2,CHECKPOINT_ROOT:checkpoints_VicReg_original_NEW/vicreg_mu_27.0_epoch_41.pth,CHECKPOINT_ROOT,5fb9aeaefab4c41fd3a2f5360a46624c1986babe0e0f994ad93cf831e59e1574,PARTIAL_STATE,27,True,VICReg,41,True,True,True,HIGH_CONFIDENCE_LINEAGE,LEGACY_GITHUB:checkpoints_Vicreg_original_NEW/VicReg_SoiNet_optimized_mu_27.ipynb,CHECKPOINT_ROOT:checkpoints_VicReg_original_NEW/vicreg_metrics_original_soilnet_mu_27.csv,REJECTED_INTERMEDIATE_SSL_EPOCH,Intermediate SSL training state is superseded by the tensor-identical final epoch-80 raw model state.
CHECKPOINT_ROOT:667ef9f4864b0ee99060,CHECKPOINT_ROOT:checkpoints_VicReg_original_NEW/vicreg_mu_27.0_epoch_42.pth,CHECKPOINT_ROOT,667ef9f4864b0ee99060c0db02a76cc6d3de59847d051f157b56d79773176cfe,PARTIAL_STATE,27,True,VICReg,42,True,True,True,HIGH_CONFIDENCE_LINEAGE,LEGACY_GITHUB:checkpoints_Vicreg_original_NEW/VicReg_SoiNet_optimized_mu_27.ipynb,CHECKPOINT_ROOT:checkpoints_VicReg_original_NEW/vicreg_metrics_original_soilnet_mu_27.csv,REJECTED_INTERMEDIATE_SSL_EPOCH,Intermediate SSL training state is superseded by the tensor-identical final epoch-80 raw model state.
CHECKPOINT_ROOT:407de027ba4144538004,CHECKPOINT_ROOT:checkpoints_VicReg_original_NEW/vicreg_mu_27.0_epoch_43.pth,CHECKPOINT_ROOT,407de027ba4144538004181357bd1af55d08b9870875fac55ad00cfffad9cd26,PARTIAL_STATE,27,True,VICReg,43,True,True,True,HIGH_CONFIDENCE_LINEAGE,LEGACY_GITHUB:checkpoints_Vicreg_original_NEW/VicReg_SoiNet_optimized_mu_27.ipynb,CHECKPOINT_ROOT:checkpoints_VicReg_original_NEW/vicreg_metrics_original_soilnet_mu_27.csv,REJECTED_INTERMEDIATE_SSL_EPOCH,Intermediate SSL training state is superseded by the tensor-identical final epoch-80 raw model state.
CHECKPOINT_ROOT:6925564c57481bf24353,CHECKPOINT_ROOT:checkpoints_VicReg_original_NEW/vicreg_mu_27.0_epoch_44.pth,CHECKPOINT_ROOT,6925564c57481bf243537532505604785d59fac3fedcaaf7348b7a4588110c47,PARTIAL_STATE,27,True,VICReg,44,True,True,True,HIGH_CONFIDENCE_LINEAGE,LEGACY_GITHUB:checkpoints_Vicreg_original_NEW/VicReg_SoiNet_optimized_mu_27.ipynb,CHECKPOINT_ROOT:checkpoints_VicReg_original_NEW/vicreg_metrics_original_soilnet_mu_27.csv,REJECTED_INTERMEDIATE_SSL_EPOCH,Intermediate SSL training state is superseded by the tensor-identical final epoch-80 raw model state.
CHECKPOINT_ROOT:d22ef3dff9b71eebe6f8,CHECKPOINT_ROOT:checkpoints_VicReg_original_NEW/vicreg_mu_27.0_epoch_45.pth,CHECKPOINT_ROOT,d22ef3dff9b71eebe6f8ef2961de104b6e095e1fa946967276ec84f959a3893a,PARTIAL_STATE,27,True,VICReg,45,True,True,True,HIGH_CONFIDENCE_LINEAGE,LEGACY_GITHUB:checkpoints_Vicreg_original_NEW/VicReg_SoiNet_optimized_mu_27.ipynb,CHECKPOINT_ROOT:checkpoints_VicReg_original_NEW/vicreg_metrics_original_soilnet_mu_27.csv,REJECTED_INTERMEDIATE_SSL_EPOCH,Intermediate SSL training state is superseded by the tensor-identical final epoch-80 raw model state.
CHECKPOINT_ROOT:6918ee5fa9ee824f06af,CHECKPOINT_ROOT:checkpoints_VicReg_original_NEW/vicreg_mu_27.0_epoch_46.pth,CHECKPOINT_ROOT,6918ee5fa9ee824f06af19cd254f853e5ad9f2f0bcc05a1af1b8383187b8a1e4,PARTIAL_STATE,27,True,VICReg,46,True,True,True,HIGH_CONFIDENCE_LINEAGE,LEGACY_GITHUB:checkpoints_Vicreg_original_NEW/VicReg_SoiNet_optimized_mu_27.ipynb,CHECKPOINT_ROOT:checkpoints_VicReg_original_NEW/vicreg_metrics_original_soilnet_mu_27.csv,REJECTED_INTERMEDIATE_SSL_EPOCH,Intermediate SSL training state is superseded by the tensor-identical final epoch-80 raw model state.
CHECKPOINT_ROOT:1991210f14026fce2e97,CHECKPOINT_ROOT:checkpoints_VicReg_original_NEW/vicreg_mu_27.0_epoch_47.pth,CHECKPOINT_ROOT,1991210f14026fce2e973d941b3c57bb80f2eb82bddf4e1d66af9a5945a7522a,PARTIAL_STATE,27,True,VICReg,47,True,True,True,HIGH_CONFIDENCE_LINEAGE,LEGACY_GITHUB:checkpoints_Vicreg_original_NEW/VicReg_SoiNet_optimized_mu_27.ipynb,CHECKPOINT_ROOT:checkpoints_VicReg_original_NEW/vicreg_metrics_original_soilnet_mu_27.csv,REJECTED_INTERMEDIATE_SSL_EPOCH,Intermediate SSL training state is superseded by the tensor-identical final epoch-80 raw model state.
CHECKPOINT_ROOT:4e387487cc2c65897a6c,CHECKPOINT_ROOT:checkpoints_VicReg_original_NEW/vicreg_mu_27.0_epoch_48.pth,CHECKPOINT_ROOT,4e387487cc2c65897a6cb9723bb756c8640bf9e4b994e3a2cd304c0ad4c6dc1b,PARTIAL_STATE,27,True,VICReg,48,True,True,True,HIGH_CONFIDENCE_LINEAGE,LEGACY_GITHUB:checkpoints_Vicreg_original_NEW/VicReg_SoiNet_optimized_mu_27.ipynb,CHECKPOINT_ROOT:checkpoints_VicReg_original_NEW/vicreg_metrics_original_soilnet_mu_27.csv,REJECTED_INTERMEDIATE_SSL_EPOCH,Intermediate SSL training state is superseded by the tensor-identical final epoch-80 raw model state.
CHECKPOINT_ROOT:d9335a495712c7175c1d,CHECKPOINT_ROOT:checkpoints_VicReg_original_NEW/vicreg_mu_27.0_epoch_49.pth,CHECKPOINT_ROOT,d9335a495712c7175c1dcbba3408489222beab0a04ac80eb0f06d8976bb75766,PARTIAL_STATE,27,True,VICReg,49,True,True,True,HIGH_CONFIDENCE_LINEAGE,LEGACY_GITHUB:checkpoints_Vicreg_original_NEW/VicReg_SoiNet_optimized_mu_27.ipynb,CHECKPOINT_ROOT:checkpoints_VicReg_original_NEW/vicreg_metrics_original_soilnet_mu_27.csv,REJECTED_INTERMEDIATE_SSL_EPOCH,Intermediate SSL training state is superseded by the tensor-identical final epoch-80 raw model state.
CHECKPOINT_ROOT:3dd01fc14df6fa5c1990,CHECKPOINT_ROOT:checkpoints_VicReg_original_NEW/vicreg_mu_27.0_epoch_5.pth,CHECKPOINT_ROOT,3dd01fc14df6fa5c199066897182ab44ce38137587b9b11cea905b7f8fcfeb2b,PARTIAL_STATE,27,True,VICReg,5,True,True,True,HIGH_CONFIDENCE_LINEAGE,LEGACY_GITHUB:checkpoints_Vicreg_original_NEW/VicReg_SoiNet_optimized_mu_27.ipynb,CHECKPOINT_ROOT:checkpoints_VicReg_original_NEW/vicreg_metrics_original_soilnet_mu_27.csv,REJECTED_INTERMEDIATE_SSL_EPOCH,Intermediate SSL training state is superseded by the tensor-identical final epoch-80 raw model state.
CHECKPOINT_ROOT:b9279bffdc47d554d76b,CHECKPOINT_ROOT:checkpoints_VicReg_original_NEW/vicreg_mu_27.0_epoch_50.pth,CHECKPOINT_ROOT,b9279bffdc47d554d76bf51a290e85347975d0065738203c2fb24a29829fe62c,PARTIAL_STATE,27,True,VICReg,50,True,True,True,HIGH_CONFIDENCE_LINEAGE,LEGACY_GITHUB:checkpoints_Vicreg_original_NEW/VicReg_SoiNet_optimized_mu_27.ipynb,CHECKPOINT_ROOT:checkpoints_VicReg_original_NEW/vicreg_metrics_original_soilnet_mu_27.csv,REJECTED_INTERMEDIATE_SSL_EPOCH,Intermediate SSL training state is superseded by the tensor-identical final epoch-80 raw model state.
CHECKPOINT_ROOT:630798caf4345b256b3b,CHECKPOINT_ROOT:checkpoints_VicReg_original_NEW/vicreg_mu_27.0_epoch_51.pth,CHECKPOINT_ROOT,630798caf4345b256b3b8518751d18a82f09bfea0417fe4820d280c1b2b3cbb7,PARTIAL_STATE,27,True,VICReg,51,True,True,True,HIGH_CONFIDENCE_LINEAGE,LEGACY_GITHUB:checkpoints_Vicreg_original_NEW/VicReg_SoiNet_optimized_mu_27.ipynb,CHECKPOINT_ROOT:checkpoints_VicReg_original_NEW/vicreg_metrics_original_soilnet_mu_27.csv,REJECTED_INTERMEDIATE_SSL_EPOCH,Intermediate SSL training state is superseded by the tensor-identical final epoch-80 raw model state.
CHECKPOINT_ROOT:ea86afc1ba0bbff16f4e,CHECKPOINT_ROOT:checkpoints_VicReg_original_NEW/vicreg_mu_27.0_epoch_52.pth,CHECKPOINT_ROOT,ea86afc1ba0bbff16f4ed996a28e78eedc20951338621da66317d54981ef9215,PARTIAL_STATE,27,True,VICReg,52,True,True,True,HIGH_CONFIDENCE_LINEAGE,LEGACY_GITHUB:checkpoints_Vicreg_original_NEW/VicReg_SoiNet_optimized_mu_27.ipynb,CHECKPOINT_ROOT:checkpoints_VicReg_original_NEW/vicreg_metrics_original_soilnet_mu_27.csv,REJECTED_INTERMEDIATE_SSL_EPOCH,Intermediate SSL training state is superseded by the tensor-identical final epoch-80 raw model state.
CHECKPOINT_ROOT:8a1732120a6899822c4f,CHECKPOINT_ROOT:checkpoints_VicReg_original_NEW/vicreg_mu_27.0_epoch_53.pth,CHECKPOINT_ROOT,8a1732120a6899822c4f48bd270252a0dcc468b9b2c05b837d7dba899a7a67c7,PARTIAL_STATE,27,True,VICReg,53,True,True,True,HIGH_CONFIDENCE_LINEAGE,LEGACY_GITHUB:checkpoints_Vicreg_original_NEW/VicReg_SoiNet_optimized_mu_27.ipynb,CHECKPOINT_ROOT:checkpoints_VicReg_original_NEW/vicreg_metrics_original_soilnet_mu_27.csv,REJECTED_INTERMEDIATE_SSL_EPOCH,Intermediate SSL training state is superseded by the tensor-identical final epoch-80 raw model state.
CHECKPOINT_ROOT:fc67bac5c32f6fd3f66b,CHECKPOINT_ROOT:checkpoints_VicReg_original_NEW/vicreg_mu_27.0_epoch_54.pth,CHECKPOINT_ROOT,fc67bac5c32f6fd3f66b33bb8619c5437ea53669cde9564971f33ab2b6207b6e,PARTIAL_STATE,27,True,VICReg,54,True,True,True,HIGH_CONFIDENCE_LINEAGE,LEGACY_GITHUB:checkpoints_Vicreg_original_NEW/VicReg_SoiNet_optimized_mu_27.ipynb,CHECKPOINT_ROOT:checkpoints_VicReg_original_NEW/vicreg_metrics_original_soilnet_mu_27.csv,REJECTED_INTERMEDIATE_SSL_EPOCH,Intermediate SSL training state is superseded by the tensor-identical final epoch-80 raw model state.
CHECKPOINT_ROOT:a5bb3a3c70cf8b40fbed,CHECKPOINT_ROOT:checkpoints_VicReg_original_NEW/vicreg_mu_27.0_epoch_55.pth,CHECKPOINT_ROOT,a5bb3a3c70cf8b40fbedb9e21417787f5ecd6efcb87be2cdc9bf9712b61e5c3f,PARTIAL_STATE,27,True,VICReg,55,True,True,True,HIGH_CONFIDENCE_LINEAGE,LEGACY_GITHUB:checkpoints_Vicreg_original_NEW/VicReg_SoiNet_optimized_mu_27.ipynb,CHECKPOINT_ROOT:checkpoints_VicReg_original_NEW/vicreg_metrics_original_soilnet_mu_27.csv,REJECTED_INTERMEDIATE_SSL_EPOCH,Intermediate SSL training state is superseded by the tensor-identical final epoch-80 raw model state.
CHECKPOINT_ROOT:8646209a4c859e0cd365,CHECKPOINT_ROOT:checkpoints_VicReg_original_NEW/vicreg_mu_27.0_epoch_56.pth,CHECKPOINT_ROOT,8646209a4c859e0cd365fe2c52808cff40915f4b26f70ec80daf4d70c470bcee,PARTIAL_STATE,27,True,VICReg,56,True,True,True,HIGH_CONFIDENCE_LINEAGE,LEGACY_GITHUB:checkpoints_Vicreg_original_NEW/VicReg_SoiNet_optimized_mu_27.ipynb,CHECKPOINT_ROOT:checkpoints_VicReg_original_NEW/vicreg_metrics_original_soilnet_mu_27.csv,REJECTED_INTERMEDIATE_SSL_EPOCH,Intermediate SSL training state is superseded by the tensor-identical final epoch-80 raw model state.
CHECKPOINT_ROOT:f41c2bba374fc212ab62,CHECKPOINT_ROOT:checkpoints_VicReg_original_NEW/vicreg_mu_27.0_epoch_57.pth,CHECKPOINT_ROOT,f41c2bba374fc212ab624aa7a4fac14f960dca740846aa17e17f8f8493b05067,PARTIAL_STATE,27,True,VICReg,57,True,True,True,HIGH_CONFIDENCE_LINEAGE,LEGACY_GITHUB:checkpoints_Vicreg_original_NEW/VicReg_SoiNet_optimized_mu_27.ipynb,CHECKPOINT_ROOT:checkpoints_VicReg_original_NEW/vicreg_metrics_original_soilnet_mu_27.csv,REJECTED_INTERMEDIATE_SSL_EPOCH,Intermediate SSL training state is superseded by the tensor-identical final epoch-80 raw model state.
CHECKPOINT_ROOT:ad4709c7eeb2a2876f76,CHECKPOINT_ROOT:checkpoints_VicReg_original_NEW/vicreg_mu_27.0_epoch_58.pth,CHECKPOINT_ROOT,ad4709c7eeb2a2876f76d32f5cac63da8acc26f29c1bf1102bc5dc81a7147c65,PARTIAL_STATE,27,True,VICReg,58,True,True,True,HIGH_CONFIDENCE_LINEAGE,LEGACY_GITHUB:checkpoints_Vicreg_original_NEW/VicReg_SoiNet_optimized_mu_27.ipynb,CHECKPOINT_ROOT:checkpoints_VicReg_original_NEW/vicreg_metrics_original_soilnet_mu_27.csv,REJECTED_INTERMEDIATE_SSL_EPOCH,Intermediate SSL training state is superseded by the tensor-identical final epoch-80 raw model state.
CHECKPOINT_ROOT:54fad8db148d8880470a,CHECKPOINT_ROOT:checkpoints_VicReg_original_NEW/vicreg_mu_27.0_epoch_59.pth,CHECKPOINT_ROOT,54fad8db148d8880470a56a8444115f0caeec1e54c630abdf430dab5619333a2,PARTIAL_STATE,27,True,VICReg,59,True,True,True,HIGH_CONFIDENCE_LINEAGE,LEGACY_GITHUB:checkpoints_Vicreg_original_NEW/VicReg_SoiNet_optimized_mu_27.ipynb,CHECKPOINT_ROOT:checkpoints_VicReg_original_NEW/vicreg_metrics_original_soilnet_mu_27.csv,REJECTED_INTERMEDIATE_SSL_EPOCH,Intermediate SSL training state is superseded by the tensor-identical final epoch-80 raw model state.
CHECKPOINT_ROOT:99e23bdceaa6f9050e93,CHECKPOINT_ROOT:checkpoints_VicReg_original_NEW/vicreg_mu_27.0_epoch_6.pth,CHECKPOINT_ROOT,99e23bdceaa6f9050e932fcefcb96d0d15dc63e235a450b6e2a7d15915050c9b,PARTIAL_STATE,27,True,VICReg,6,True,True,True,HIGH_CONFIDENCE_LINEAGE,LEGACY_GITHUB:checkpoints_Vicreg_original_NEW/VicReg_SoiNet_optimized_mu_27.ipynb,CHECKPOINT_ROOT:checkpoints_VicReg_original_NEW/vicreg_metrics_original_soilnet_mu_27.csv,REJECTED_INTERMEDIATE_SSL_EPOCH,Intermediate SSL training state is superseded by the tensor-identical final epoch-80 raw model state.
CHECKPOINT_ROOT:186813781ddc9bfcff1b,CHECKPOINT_ROOT:checkpoints_VicReg_original_NEW/vicreg_mu_27.0_epoch_60.pth,CHECKPOINT_ROOT,186813781ddc9bfcff1b2b4693a58469252ea9bc01ceceeffa5531fa63147c80,PARTIAL_STATE,27,True,VICReg,60,True,True,True,HIGH_CONFIDENCE_LINEAGE,LEGACY_GITHUB:checkpoints_Vicreg_original_NEW/VicReg_SoiNet_optimized_mu_27.ipynb,CHECKPOINT_ROOT:checkpoints_VicReg_original_NEW/vicreg_metrics_original_soilnet_mu_27.csv,REJECTED_INTERMEDIATE_SSL_EPOCH,Intermediate SSL training state is superseded by the tensor-identical final epoch-80 raw model state.
CHECKPOINT_ROOT:88ab4b6f0f10348252c3,CHECKPOINT_ROOT:checkpoints_VicReg_original_NEW/vicreg_mu_27.0_epoch_61.pth,CHECKPOINT_ROOT,88ab4b6f0f10348252c3fad80f150ebc1be72f961fbdefa0629ff887108ad7d1,PARTIAL_STATE,27,True,VICReg,61,True,True,True,HIGH_CONFIDENCE_LINEAGE,LEGACY_GITHUB:checkpoints_Vicreg_original_NEW/VicReg_SoiNet_optimized_mu_27.ipynb,CHECKPOINT_ROOT:checkpoints_VicReg_original_NEW/vicreg_metrics_original_soilnet_mu_27.csv,REJECTED_INTERMEDIATE_SSL_EPOCH,Intermediate SSL training state is superseded by the tensor-identical final epoch-80 raw model state.
CHECKPOINT_ROOT:d74ba5d3ce1d98e2d36e,CHECKPOINT_ROOT:checkpoints_VicReg_original_NEW/vicreg_mu_27.0_epoch_62.pth,CHECKPOINT_ROOT,d74ba5d3ce1d98e2d36ea4c74a6b9e49b8e3c6b8439146b5775d130c269e66c9,PARTIAL_STATE,27,True,VICReg,62,True,True,True,HIGH_CONFIDENCE_LINEAGE,LEGACY_GITHUB:checkpoints_Vicreg_original_NEW/VicReg_SoiNet_optimized_mu_27.ipynb,CHECKPOINT_ROOT:checkpoints_VicReg_original_NEW/vicreg_metrics_original_soilnet_mu_27.csv,REJECTED_INTERMEDIATE_SSL_EPOCH,Intermediate SSL training state is superseded by the tensor-identical final epoch-80 raw model state.
CHECKPOINT_ROOT:e4cd34355b6b23312ede,CHECKPOINT_ROOT:checkpoints_VicReg_original_NEW/vicreg_mu_27.0_epoch_63.pth,CHECKPOINT_ROOT,e4cd34355b6b23312ede83ea321a8042dbf330f7d1b6984300b1057adaf5ae6c,PARTIAL_STATE,27,True,VICReg,63,True,True,True,HIGH_CONFIDENCE_LINEAGE,LEGACY_GITHUB:checkpoints_Vicreg_original_NEW/VicReg_SoiNet_optimized_mu_27.ipynb,CHECKPOINT_ROOT:checkpoints_VicReg_original_NEW/vicreg_metrics_original_soilnet_mu_27.csv,REJECTED_INTERMEDIATE_SSL_EPOCH,Intermediate SSL training state is superseded by the tensor-identical final epoch-80 raw model state.
CHECKPOINT_ROOT:852aa08f230ac43ce327,CHECKPOINT_ROOT:checkpoints_VicReg_original_NEW/vicreg_mu_27.0_epoch_64.pth,CHECKPOINT_ROOT,852aa08f230ac43ce32750993ecfea73adec86ea9b5ba26a39e34da832435f34,PARTIAL_STATE,27,True,VICReg,64,True,True,True,HIGH_CONFIDENCE_LINEAGE,LEGACY_GITHUB:checkpoints_Vicreg_original_NEW/VicReg_SoiNet_optimized_mu_27.ipynb,CHECKPOINT_ROOT:checkpoints_VicReg_original_NEW/vicreg_metrics_original_soilnet_mu_27.csv,REJECTED_INTERMEDIATE_SSL_EPOCH,Intermediate SSL training state is superseded by the tensor-identical final epoch-80 raw model state.
CHECKPOINT_ROOT:4ad0e2eef15359c4d61b,CHECKPOINT_ROOT:checkpoints_VicReg_original_NEW/vicreg_mu_27.0_epoch_65.pth,CHECKPOINT_ROOT,4ad0e2eef15359c4d61b0b201d44f3a441fafe13338734813e2857c3cb23e61d,PARTIAL_STATE,27,True,VICReg,65,True,True,True,HIGH_CONFIDENCE_LINEAGE,LEGACY_GITHUB:checkpoints_Vicreg_original_NEW/VicReg_SoiNet_optimized_mu_27.ipynb,CHECKPOINT_ROOT:checkpoints_VicReg_original_NEW/vicreg_metrics_original_soilnet_mu_27.csv,REJECTED_INTERMEDIATE_SSL_EPOCH,Intermediate SSL training state is superseded by the tensor-identical final epoch-80 raw model state.
CHECKPOINT_ROOT:d3c4e79006527535a716,CHECKPOINT_ROOT:checkpoints_VicReg_original_NEW/vicreg_mu_27.0_epoch_66.pth,CHECKPOINT_ROOT,d3c4e79006527535a716b6b9fb34c44b912d6665183942ebb9f9aff85d6b89dc,PARTIAL_STATE,27,True,VICReg,66,True,True,True,HIGH_CONFIDENCE_LINEAGE,LEGACY_GITHUB:checkpoints_Vicreg_original_NEW/VicReg_SoiNet_optimized_mu_27.ipynb,CHECKPOINT_ROOT:checkpoints_VicReg_original_NEW/vicreg_metrics_original_soilnet_mu_27.csv,REJECTED_INTERMEDIATE_SSL_EPOCH,Intermediate SSL training state is superseded by the tensor-identical final epoch-80 raw model state.
CHECKPOINT_ROOT:7ae2ef81df946269d6cc,CHECKPOINT_ROOT:checkpoints_VicReg_original_NEW/vicreg_mu_27.0_epoch_67.pth,CHECKPOINT_ROOT,7ae2ef81df946269d6cc5aa52e2bbda3f57040f159125dd5bdd29a5cacafd7b6,PARTIAL_STATE,27,True,VICReg,67,True,True,True,HIGH_CONFIDENCE_LINEAGE,LEGACY_GITHUB:checkpoints_Vicreg_original_NEW/VicReg_SoiNet_optimized_mu_27.ipynb,CHECKPOINT_ROOT:checkpoints_VicReg_original_NEW/vicreg_metrics_original_soilnet_mu_27.csv,REJECTED_INTERMEDIATE_SSL_EPOCH,Intermediate SSL training state is superseded by the tensor-identical final epoch-80 raw model state.
CHECKPOINT_ROOT:7dfa98c1758b3537e813,CHECKPOINT_ROOT:checkpoints_VicReg_original_NEW/vicreg_mu_27.0_epoch_68.pth,CHECKPOINT_ROOT,7dfa98c1758b3537e81397f4a25a29e24b1e551eb3dee65fe535b745388dbdeb,PARTIAL_STATE,27,True,VICReg,68,True,True,True,HIGH_CONFIDENCE_LINEAGE,LEGACY_GITHUB:checkpoints_Vicreg_original_NEW/VicReg_SoiNet_optimized_mu_27.ipynb,CHECKPOINT_ROOT:checkpoints_VicReg_original_NEW/vicreg_metrics_original_soilnet_mu_27.csv,REJECTED_INTERMEDIATE_SSL_EPOCH,Intermediate SSL training state is superseded by the tensor-identical final epoch-80 raw model state.
CHECKPOINT_ROOT:24d648767615de22ca72,CHECKPOINT_ROOT:checkpoints_VicReg_original_NEW/vicreg_mu_27.0_epoch_69.pth,CHECKPOINT_ROOT,24d648767615de22ca72e33f26e437b77c268d90c894598c8647195b2d16f318,PARTIAL_STATE,27,True,VICReg,69,True,True,True,HIGH_CONFIDENCE_LINEAGE,LEGACY_GITHUB:checkpoints_Vicreg_original_NEW/VicReg_SoiNet_optimized_mu_27.ipynb,CHECKPOINT_ROOT:checkpoints_VicReg_original_NEW/vicreg_metrics_original_soilnet_mu_27.csv,REJECTED_INTERMEDIATE_SSL_EPOCH,Intermediate SSL training state is superseded by the tensor-identical final epoch-80 raw model state.
CHECKPOINT_ROOT:f392fe9ab87ac3f3beca,CHECKPOINT_ROOT:checkpoints_VicReg_original_NEW/vicreg_mu_27.0_epoch_7.pth,CHECKPOINT_ROOT,f392fe9ab87ac3f3becae4e9bde41442c320187e5fb9115d82f080170a206623,PARTIAL_STATE,27,True,VICReg,7,True,True,True,HIGH_CONFIDENCE_LINEAGE,LEGACY_GITHUB:checkpoints_Vicreg_original_NEW/VicReg_SoiNet_optimized_mu_27.ipynb,CHECKPOINT_ROOT:checkpoints_VicReg_original_NEW/vicreg_metrics_original_soilnet_mu_27.csv,REJECTED_INTERMEDIATE_SSL_EPOCH,Intermediate SSL training state is superseded by the tensor-identical final epoch-80 raw model state.
CHECKPOINT_ROOT:db108b2d5442f5f98d5f,CHECKPOINT_ROOT:checkpoints_VicReg_original_NEW/vicreg_mu_27.0_epoch_70.pth,CHECKPOINT_ROOT,db108b2d5442f5f98d5f791e458ddd88fb617d433b40594ffd47bdada75e54b3,PARTIAL_STATE,27,True,VICReg,70,True,True,True,HIGH_CONFIDENCE_LINEAGE,LEGACY_GITHUB:checkpoints_Vicreg_original_NEW/VicReg_SoiNet_optimized_mu_27.ipynb,CHECKPOINT_ROOT:checkpoints_VicReg_original_NEW/vicreg_metrics_original_soilnet_mu_27.csv,REJECTED_INTERMEDIATE_SSL_EPOCH,Intermediate SSL training state is superseded by the tensor-identical final epoch-80 raw model state.
CHECKPOINT_ROOT:719ad332c2d312576e22,CHECKPOINT_ROOT:checkpoints_VicReg_original_NEW/vicreg_mu_27.0_epoch_71.pth,CHECKPOINT_ROOT,719ad332c2d312576e22e5afcd5b5013174567e0b176ac159ed24bdc369ffed9,PARTIAL_STATE,27,True,VICReg,71,True,True,True,HIGH_CONFIDENCE_LINEAGE,LEGACY_GITHUB:checkpoints_Vicreg_original_NEW/VicReg_SoiNet_optimized_mu_27.ipynb,CHECKPOINT_ROOT:checkpoints_VicReg_original_NEW/vicreg_metrics_original_soilnet_mu_27.csv,REJECTED_INTERMEDIATE_SSL_EPOCH,Intermediate SSL training state is superseded by the tensor-identical final epoch-80 raw model state.
CHECKPOINT_ROOT:0ac74f08519f7fc1a08f,CHECKPOINT_ROOT:checkpoints_VicReg_original_NEW/vicreg_mu_27.0_epoch_72.pth,CHECKPOINT_ROOT,0ac74f08519f7fc1a08fcd24a59859210fc08dc08e26ecb8a4ab3a671061ee88,PARTIAL_STATE,27,True,VICReg,72,True,True,True,HIGH_CONFIDENCE_LINEAGE,LEGACY_GITHUB:checkpoints_Vicreg_original_NEW/VicReg_SoiNet_optimized_mu_27.ipynb,CHECKPOINT_ROOT:checkpoints_VicReg_original_NEW/vicreg_metrics_original_soilnet_mu_27.csv,REJECTED_INTERMEDIATE_SSL_EPOCH,Intermediate SSL training state is superseded by the tensor-identical final epoch-80 raw model state.
CHECKPOINT_ROOT:33376c923495eccef697,CHECKPOINT_ROOT:checkpoints_VicReg_original_NEW/vicreg_mu_27.0_epoch_73.pth,CHECKPOINT_ROOT,33376c923495eccef6976004d9a6c65f3daa2359c682882e63da06dffeba23be,PARTIAL_STATE,27,True,VICReg,73,True,True,True,HIGH_CONFIDENCE_LINEAGE,LEGACY_GITHUB:checkpoints_Vicreg_original_NEW/VicReg_SoiNet_optimized_mu_27.ipynb,CHECKPOINT_ROOT:checkpoints_VicReg_original_NEW/vicreg_metrics_original_soilnet_mu_27.csv,REJECTED_INTERMEDIATE_SSL_EPOCH,Intermediate SSL training state is superseded by the tensor-identical final epoch-80 raw model state.
CHECKPOINT_ROOT:82ad8e42cd71fcbad2c5,CHECKPOINT_ROOT:checkpoints_VicReg_original_NEW/vicreg_mu_27.0_epoch_74.pth,CHECKPOINT_ROOT,82ad8e42cd71fcbad2c58c3d5a96332ee84ed40613235c178c1c59d964916cea,PARTIAL_STATE,27,True,VICReg,74,True,True,True,HIGH_CONFIDENCE_LINEAGE,LEGACY_GITHUB:checkpoints_Vicreg_original_NEW/VicReg_SoiNet_optimized_mu_27.ipynb,CHECKPOINT_ROOT:checkpoints_VicReg_original_NEW/vicreg_metrics_original_soilnet_mu_27.csv,REJECTED_INTERMEDIATE_SSL_EPOCH,Intermediate SSL training state is superseded by the tensor-identical final epoch-80 raw model state.
CHECKPOINT_ROOT:a23052cf05620eeb044c,CHECKPOINT_ROOT:checkpoints_VicReg_original_NEW/vicreg_mu_27.0_epoch_75.pth,CHECKPOINT_ROOT,a23052cf05620eeb044c1b4934d3bf37750a06d8e3373c84f0b34a7dcef96f31,PARTIAL_STATE,27,True,VICReg,75,True,True,True,HIGH_CONFIDENCE_LINEAGE,LEGACY_GITHUB:checkpoints_Vicreg_original_NEW/VicReg_SoiNet_optimized_mu_27.ipynb,CHECKPOINT_ROOT:checkpoints_VicReg_original_NEW/vicreg_metrics_original_soilnet_mu_27.csv,REJECTED_INTERMEDIATE_SSL_EPOCH,Intermediate SSL training state is superseded by the tensor-identical final epoch-80 raw model state.
CHECKPOINT_ROOT:c02c0c712b2b665963e4,CHECKPOINT_ROOT:checkpoints_VicReg_original_NEW/vicreg_mu_27.0_epoch_76.pth,CHECKPOINT_ROOT,c02c0c712b2b665963e4d3ec0fde16aae41f52d24ddf5b5da29516d6956c7c11,PARTIAL_STATE,27,True,VICReg,76,True,True,True,HIGH_CONFIDENCE_LINEAGE,LEGACY_GITHUB:checkpoints_Vicreg_original_NEW/VicReg_SoiNet_optimized_mu_27.ipynb,CHECKPOINT_ROOT:checkpoints_VicReg_original_NEW/vicreg_metrics_original_soilnet_mu_27.csv,REJECTED_INTERMEDIATE_SSL_EPOCH,Intermediate SSL training state is superseded by the tensor-identical final epoch-80 raw model state.
CHECKPOINT_ROOT:2e33921e51e4f455312a,CHECKPOINT_ROOT:checkpoints_VicReg_original_NEW/vicreg_mu_27.0_epoch_77.pth,CHECKPOINT_ROOT,2e33921e51e4f455312a09d89288f6c65c0a3d244e7647f6e092870727fbb150,PARTIAL_STATE,27,True,VICReg,77,True,True,True,HIGH_CONFIDENCE_LINEAGE,LEGACY_GITHUB:checkpoints_Vicreg_original_NEW/VicReg_SoiNet_optimized_mu_27.ipynb,CHECKPOINT_ROOT:checkpoints_VicReg_original_NEW/vicreg_metrics_original_soilnet_mu_27.csv,REJECTED_INTERMEDIATE_SSL_EPOCH,Intermediate SSL training state is superseded by the tensor-identical final epoch-80 raw model state.
CHECKPOINT_ROOT:c5c3512b367cabee93ee,CHECKPOINT_ROOT:checkpoints_VicReg_original_NEW/vicreg_mu_27.0_epoch_78.pth,CHECKPOINT_ROOT,c5c3512b367cabee93ee4a9ab719cbccdd920c90819a7a35d970ed69efaa788e,PARTIAL_STATE,27,True,VICReg,78,True,True,True,HIGH_CONFIDENCE_LINEAGE,LEGACY_GITHUB:checkpoints_Vicreg_original_NEW/VicReg_SoiNet_optimized_mu_27.ipynb,CHECKPOINT_ROOT:checkpoints_VicReg_original_NEW/vicreg_metrics_original_soilnet_mu_27.csv,REJECTED_INTERMEDIATE_SSL_EPOCH,Intermediate SSL training state is superseded by the tensor-identical final epoch-80 raw model state.
CHECKPOINT_ROOT:3b7f45c9be29f48ed0cc,CHECKPOINT_ROOT:checkpoints_VicReg_original_NEW/vicreg_mu_27.0_epoch_79.pth,CHECKPOINT_ROOT,3b7f45c9be29f48ed0cce285e98ee5772dfb84942b7c0cd9436a6da917fe192c,PARTIAL_STATE,27,True,VICReg,79,True,True,True,HIGH_CONFIDENCE_LINEAGE,LEGACY_GITHUB:checkpoints_Vicreg_original_NEW/VicReg_SoiNet_optimized_mu_27.ipynb,CHECKPOINT_ROOT:checkpoints_VicReg_original_NEW/vicreg_metrics_original_soilnet_mu_27.csv,REJECTED_INTERMEDIATE_SSL_EPOCH,Intermediate SSL training state is superseded by the tensor-identical final epoch-80 raw model state.
CHECKPOINT_ROOT:cbc28f56318b21843174,CHECKPOINT_ROOT:checkpoints_VicReg_original_NEW/vicreg_mu_27.0_epoch_8.pth,CHECKPOINT_ROOT,cbc28f56318b218431740fe230211ac91fa651c977b4c575980ced799d944edc,PARTIAL_STATE,27,True,VICReg,8,True,True,True,HIGH_CONFIDENCE_LINEAGE,LEGACY_GITHUB:checkpoints_Vicreg_original_NEW/VicReg_SoiNet_optimized_mu_27.ipynb,CHECKPOINT_ROOT:checkpoints_VicReg_original_NEW/vicreg_metrics_original_soilnet_mu_27.csv,REJECTED_INTERMEDIATE_SSL_EPOCH,Intermediate SSL training state is superseded by the tensor-identical final epoch-80 raw model state.
CHECKPOINT_ROOT:c0caf6a8468356923775,CHECKPOINT_ROOT:checkpoints_VicReg_original_NEW/vicreg_mu_27.0_epoch_80.pth,CHECKPOINT_ROOT,c0caf6a846835692377590bebfdcfd04edcfaebda3f8380d00903f7990b495de,PARTIAL_STATE,27,True,VICReg,80,True,True,True,HIGH_CONFIDENCE_LINEAGE,LEGACY_GITHUB:checkpoints_Vicreg_original_NEW/VicReg_SoiNet_optimized_mu_27.ipynb,CHECKPOINT_ROOT:checkpoints_VicReg_original_NEW/vicreg_metrics_original_soilnet_mu_27.csv,REJECTED_INTERMEDIATE_SSL_EPOCH,Intermediate SSL training state is superseded by the tensor-identical final epoch-80 raw model state.
CHECKPOINT_ROOT:a79ce7704882b0988e00,CHECKPOINT_ROOT:checkpoints_VicReg_original_NEW/vicreg_mu_27.0_epoch_9.pth,CHECKPOINT_ROOT,a79ce7704882b0988e00ecb1f2b6b5f707518d4e408b929411653bc64c8a7648,PARTIAL_STATE,27,True,VICReg,9,True,True,True,HIGH_CONFIDENCE_LINEAGE,LEGACY_GITHUB:checkpoints_Vicreg_original_NEW/VicReg_SoiNet_optimized_mu_27.ipynb,CHECKPOINT_ROOT:checkpoints_VicReg_original_NEW/vicreg_metrics_original_soilnet_mu_27.csv,REJECTED_INTERMEDIATE_SSL_EPOCH,Intermediate SSL training state is superseded by the tensor-identical final epoch-80 raw model state.
CHECKPOINT_ROOT:2ccdf9d8f2baa0503e71,CHECKPOINT_ROOT:checkpoints_VicReg_original_NEW/vicreg_projector_final_mu_27.0.pth,CHECKPOINT_ROOT,2ccdf9d8f2baa0503e713b58f748f0544e3c84dbf1941974aeb89528ea4c70ea,VICREG_PROJECTOR,27,True,VICReg,,False,True,False,VERIFIED_LINEAGE,LEGACY_GITHUB:checkpoints_Vicreg_original_NEW/VicReg_SoiNet_optimized_mu_27.ipynb,CHECKPOINT_ROOT:checkpoints_VicReg_original_NEW/vicreg_metrics_original_soilnet_mu_27.csv,REJECTED_NO_ENCODER,Projector/head-only state cannot initialize the final SoilNet encoder.
DATA_ROOT_EMBEDDED_ARTIFACTS:a34876c035f307844a70,DATA_ROOT_EMBEDDED_ARTIFACTS:Soil_Labeled_Data/soilNet_di chuyen tu o C/checkpoints_VicReg/finetune_mu_27.0.pth,DATA_ROOT_EMBEDDED_ARTIFACTS,a34876c035f307844a70a89ff053edc20758e9ac1af035ba5bdb8aba04daa392,FINETUNED_SOILNET_DUALHEAD,27,True,VICReg,,True,False,True,HIGH_CONFIDENCE_LINEAGE,UNMAPPED_GENERATION,UNMAPPED_GENERATION,REJECTED_POST_FINETUNE_ARTIFACT,"Artifact is downstream fine-tuned state, not the pre-finetuning SSL encoder."
DATA_ROOT_EMBEDDED_ARTIFACTS:24c94503d8a39e308f03,DATA_ROOT_EMBEDDED_ARTIFACTS:Soil_Labeled_Data/soilNet_di chuyen tu o C/checkpoints_VicReg/vicreg_classifier_final_mu_27.0.pth,DATA_ROOT_EMBEDDED_ARTIFACTS,24c94503d8a39e308f03aff34df27879e17f77f66abcddbb0cb3606e83386d0f,PARTIAL_STATE,27,True,VICReg,,False,False,False,HIGH_CONFIDENCE_LINEAGE,UNMAPPED_GENERATION,UNMAPPED_GENERATION,REJECTED_NO_ENCODER,Projector/head-only state cannot initialize the final SoilNet encoder.
DATA_ROOT_EMBEDDED_ARTIFACTS:c22c47ef53d5f8a03031,DATA_ROOT_EMBEDDED_ARTIFACTS:Soil_Labeled_Data/soilNet_di chuyen tu o C/checkpoints_VicReg/vicreg_linear_reg_final_mu_27.0.pth,DATA_ROOT_EMBEDDED_ARTIFACTS,c22c47ef53d5f8a030314e9a315ac482d266f129b7424b794c52c83841d15acd,PARTIAL_STATE,27,True,VICReg,,False,False,False,HIGH_CONFIDENCE_LINEAGE,UNMAPPED_GENERATION,UNMAPPED_GENERATION,REJECTED_NO_ENCODER,Projector/head-only state cannot initialize the final SoilNet encoder.
DATA_ROOT_EMBEDDED_ARTIFACTS:3d43b479b9ec4ab16d92,DATA_ROOT_EMBEDDED_ARTIFACTS:Soil_Labeled_Data/soilNet_di chuyen tu o C/checkpoints_VicReg/vicreg_model_final_mu_27.0.pth,DATA_ROOT_EMBEDDED_ARTIFACTS,3d43b479b9ec4ab16d920fc4a346fad39b17a72ae9bd087c98752d2b7e2c15e1,SSL_BACKBONE,27,True,VICReg,,True,False,True,HIGH_CONFIDENCE_LINEAGE,UNMAPPED_GENERATION,UNMAPPED_GENERATION,REJECTED_ALTERNATE_GENERATION,"Compatible original/ImageNet VICReg generation, but lacks the selected Scope-A epoch-80 plus exact metrics chain."
DATA_ROOT_EMBEDDED_ARTIFACTS:6929e054b1f0628a86c6,DATA_ROOT_EMBEDDED_ARTIFACTS:Soil_Labeled_Data/soilNet_di chuyen tu o C/checkpoints_VicReg/vicreg_projector_final_mu_27.0.pth,DATA_ROOT_EMBEDDED_ARTIFACTS,6929e054b1f0628a86c6fb4bd0e4a1b578e854058e8f6b92f4bff77e31725420,VICREG_PROJECTOR,27,True,VICReg,,False,True,False,HIGH_CONFIDENCE_LINEAGE,UNMAPPED_GENERATION,UNMAPPED_GENERATION,REJECTED_NO_ENCODER,Projector/head-only state cannot initialize the final SoilNet encoder.
DATA_ROOT_EMBEDDED_ARTIFACTS:49ca7e91bf3c90f7e085,DATA_ROOT_EMBEDDED_ARTIFACTS:Soil_Labeled_Data/soilNet_di chuyen tu o C/checkpoints_VicReg_tinyImagenet/vicreg_classifier_final_mu_27.0.pth,DATA_ROOT_EMBEDDED_ARTIFACTS,49ca7e91bf3c90f7e08589ab5bae12a825f484ab64f234d6f880d09d3cdff0d2,PARTIAL_STATE,27,False,VICReg,,False,False,False,HIGH_CONFIDENCE_LINEAGE,LEGACY_GITHUB:Vicreg_soiNet_tinyImagenet_mu=27.ipynb,UNMAPPED_OR_TRAINING_ONLY,REJECTED_INITIALIZATION_MISMATCH,TinyImageNet generation does not match the manuscript-preselected ImageNet-initialized SoilNet VICReg chain.
DATA_ROOT_EMBEDDED_ARTIFACTS:ce38d310ab88a83afb09,DATA_ROOT_EMBEDDED_ARTIFACTS:Soil_Labeled_Data/soilNet_di chuyen tu o C/checkpoints_VicReg_tinyImagenet/vicreg_linear_reg_final_mu_27.0.pth,DATA_ROOT_EMBEDDED_ARTIFACTS,ce38d310ab88a83afb09aef3b75d9c4cc13cb6549bf621791c0969b244b73b2b,PARTIAL_STATE,27,False,VICReg,,False,False,False,HIGH_CONFIDENCE_LINEAGE,LEGACY_GITHUB:Vicreg_soiNet_tinyImagenet_mu=27.ipynb,UNMAPPED_OR_TRAINING_ONLY,REJECTED_INITIALIZATION_MISMATCH,TinyImageNet generation does not match the manuscript-preselected ImageNet-initialized SoilNet VICReg chain.
DATA_ROOT_EMBEDDED_ARTIFACTS:b15d47b3e9b69866e806,DATA_ROOT_EMBEDDED_ARTIFACTS:Soil_Labeled_Data/soilNet_di chuyen tu o C/checkpoints_VicReg_tinyImagenet/vicreg_model_final_mu_27.0.pth,DATA_ROOT_EMBEDDED_ARTIFACTS,b15d47b3e9b69866e806493859a653945800e9eae39cd77130b0a77deb094a80,SSL_BACKBONE,27,False,VICReg,,True,False,True,HIGH_CONFIDENCE_LINEAGE,LEGACY_GITHUB:Vicreg_soiNet_tinyImagenet_mu=27.ipynb,UNMAPPED_OR_TRAINING_ONLY,REJECTED_INITIALIZATION_MISMATCH,TinyImageNet generation does not match the manuscript-preselected ImageNet-initialized SoilNet VICReg chain.
DATA_ROOT_EMBEDDED_ARTIFACTS:2919012a6a6e585f6a3c,DATA_ROOT_EMBEDDED_ARTIFACTS:Soil_Labeled_Data/soilNet_di chuyen tu o C/checkpoints_VicReg_tinyImagenet/vicreg_model_final_tinyImageNet_mu_27.0.pth,DATA_ROOT_EMBEDDED_ARTIFACTS,2919012a6a6e585f6a3cb2762415c811abae8119e3196fce15afdf3389ee17c1,FINETUNED_SOILNET_DUALHEAD,27,False,VICReg,,True,False,True,HIGH_CONFIDENCE_LINEAGE,LEGACY_GITHUB:Vicreg_soiNet_tinyImagenet_mu=27.ipynb,UNMAPPED_OR_TRAINING_ONLY,REJECTED_INITIALIZATION_MISMATCH,TinyImageNet generation does not match the manuscript-preselected ImageNet-initialized SoilNet VICReg chain.
DATA_ROOT_EMBEDDED_ARTIFACTS:c26e9fdd99c61460011d,DATA_ROOT_EMBEDDED_ARTIFACTS:Soil_Labeled_Data/soilNet_di chuyen tu o C/checkpoints_VicReg_tinyImagenet/vicreg_projector_final_mu_27.0.pth,DATA_ROOT_EMBEDDED_ARTIFACTS,c26e9fdd99c61460011db32c06e236783e03c1ea24200e0776cd696ae3931a87,VICREG_PROJECTOR,27,False,VICReg,,False,True,False,HIGH_CONFIDENCE_LINEAGE,LEGACY_GITHUB:Vicreg_soiNet_tinyImagenet_mu=27.ipynb,UNMAPPED_OR_TRAINING_ONLY,REJECTED_INITIALIZATION_MISMATCH,TinyImageNet generation does not match the manuscript-preselected ImageNet-initialized SoilNet VICReg chain.
DATA_ROOT_EMBEDDED_ARTIFACTS:ce182aa77a2e1f5b0080,DATA_ROOT_EMBEDDED_ARTIFACTS:Soil_Labeled_Data/soilNet_di chuyen tu o C/finetune_update/Best_finetuned_VicReg_TinyImageNet_mu_27.pth,DATA_ROOT_EMBEDDED_ARTIFACTS,ce182aa77a2e1f5b00802f10ccd22acee7c1b8fe41e06141bccb221988f09127,FINETUNED_SOILNET_DUALHEAD,27,False,VICReg,,True,False,True,HIGH_CONFIDENCE_LINEAGE,LEGACY_GITHUB:Vicreg_soiNet_tinyImagenet_mu=27.ipynb,UNMAPPED_OR_TRAINING_ONLY,REJECTED_INITIALIZATION_MISMATCH,TinyImageNet generation does not match the manuscript-preselected ImageNet-initialized SoilNet VICReg chain.
DATA_ROOT_EMBEDDED_ARTIFACTS:c14cc5102545ddfbd0be,DATA_ROOT_EMBEDDED_ARTIFACTS:Soil_Labeled_Data/soilNet_di chuyen tu o C/finetune_update/Best_finetuned_VicReg_mu_27.pth,DATA_ROOT_EMBEDDED_ARTIFACTS,c14cc5102545ddfbd0be60e611138309231ee185597c415043bb5f9dce188971,FINETUNED_SOILNET_DUALHEAD,27,True,VICReg,,True,False,True,HIGH_CONFIDENCE_LINEAGE,UNMAPPED_GENERATION,UNMAPPED_GENERATION,REJECTED_POST_FINETUNE_ARTIFACT,"Artifact is downstream fine-tuned state, not the pre-finetuning SSL encoder."
LEGACY_GITHUB:2ccdf9d8f2baa0503e71,LEGACY_GITHUB:checkpoints_Vicreg_original_NEW/vicreg_projector_final_mu_27.0.pth,LEGACY_GITHUB,2ccdf9d8f2baa0503e713b58f748f0544e3c84dbf1941974aeb89528ea4c70ea,VICREG_PROJECTOR,27,True,VICReg,,False,True,False,VERIFIED_LINEAGE,LEGACY_GITHUB:checkpoints_Vicreg_original_NEW/VicReg_SoiNet_optimized_mu_27.ipynb,LEGACY_GITHUB:checkpoints_VicReg_original_NEW/vicreg_metrics_original_soilnet_mu_27.csv,REJECTED_NO_ENCODER,Projector-only artifact; no encoder state.
LEGACY_GITHUB:2919012a6a6e585f6a3c,LEGACY_GITHUB:vicreg_model_final_tinyImageNet_mu_27.0.pth,LEGACY_GITHUB,2919012a6a6e585f6a3cb2762415c811abae8119e3196fce15afdf3389ee17c1,SSL_BACKBONE,27,False,VICReg,,True,False,True,HIGH_CONFIDENCE_LINEAGE,LEGACY_GITHUB:Vicreg_soiNet_tinyImagenet_mu=27.ipynb,UNMAPPED_OR_TRAINING_ONLY,REJECTED_INITIALIZATION_MISMATCH,TinyImageNet initialization mismatch.
