checkpoint_id,sha256,filename,relative_path,state_dict_prefix,reg_head_shape,cls_head_shape,num_classes,light_branch,suspected_mu,suspected_epoch,suspected_notebook,suspected_metrics_csv,training_dataset_count,training_split_known,historical_test_known,data_exposure,selection_basis,lineage_evidence_score,lineage_status,status,notes
sha256:5bf0da9d18229665bf69,5bf0da9d18229665bf69548c884f76886e00626ef86c1c013ba03307e1245e30,finetune_mu_23.0.pth,Soil_Labeled_Data/soilNet_di chuyen tu o C/checkpoints_VicReg/finetune_mu_23.0.pth,raw_state_dict,2x128,10x128,10,True,23.0,,LEGACY_GITHUB:finetune_mu=23.ipynb,Soil_Labeled_Data/soilNet_di chuyen tu o C/finetune_update/training_metrics_finetuned_VicReg_mu_23.csv,2057,False,False,TRAINED_ON_ALL_2057,LAST_EPOCH,5,HIGH_CONFIDENCE_LINEAGE,CANNOT_PROVIDE_PROSPECTIVE_HELDOUT_TEST,No notebook records the checkpoint SHA at save time; filename/path evidence alone is not VERIFIED lineage.
sha256:893c229eb3c1fe88fcb6,893c229eb3c1fe88fcb6163097cc82f4fa92623df6abc92f0a1c608acc7691e2,finetune_mu_25.0.pth,Soil_Labeled_Data/soilNet_di chuyen tu o C/checkpoints_VicReg/finetune_mu_25.0.pth,raw_state_dict,2x128,10x128,10,True,25.0,,LEGACY_GITHUB:finetune_mu=25.ipynb,Soil_Labeled_Data/soilNet_di chuyen tu o C/finetune_update/training_metrics_finetuned_VicReg_mu_25.csv,2057,False,False,TRAINED_ON_ALL_2057,LAST_EPOCH,5,HIGH_CONFIDENCE_LINEAGE,CANNOT_PROVIDE_PROSPECTIVE_HELDOUT_TEST,No notebook records the checkpoint SHA at save time; filename/path evidence alone is not VERIFIED lineage.
sha256:a34876c035f307844a70,a34876c035f307844a70a89ff053edc20758e9ac1af035ba5bdb8aba04daa392,finetune_mu_27.0.pth,Soil_Labeled_Data/soilNet_di chuyen tu o C/checkpoints_VicReg/finetune_mu_27.0.pth,raw_state_dict,2x128,10x128,10,True,27.0,,LEGACY_GITHUB:finetune_mu=27.ipynb,Soil_Labeled_Data/soilNet_di chuyen tu o C/finetune_update/training_metrics_finetuned_VicReg_mu_27.csv,2057,False,False,TRAINED_ON_ALL_2057,LAST_EPOCH,5,HIGH_CONFIDENCE_LINEAGE,CANNOT_PROVIDE_PROSPECTIVE_HELDOUT_TEST,No notebook records the checkpoint SHA at save time; filename/path evidence alone is not VERIFIED lineage.
sha256:51cd9cd7d9d2c2a3d3b4,51cd9cd7d9d2c2a3d3b472040b1434b1d7dbe21907615d570e50397aba629351,finetune_mu_30.0.pth,Soil_Labeled_Data/soilNet_di chuyen tu o C/checkpoints_VicReg/finetune_mu_30.0.pth,raw_state_dict,2x128,10x128,10,True,30.0,,LEGACY_GITHUB:finetune_mu=30.ipynb,Soil_Labeled_Data/soilNet_di chuyen tu o C/finetune_update/training_metrics_finetuned_VicReg_mu_30.csv,2057,False,False,TRAINED_ON_ALL_2057,LAST_EPOCH,5,HIGH_CONFIDENCE_LINEAGE,CANNOT_PROVIDE_PROSPECTIVE_HELDOUT_TEST,No notebook records the checkpoint SHA at save time; filename/path evidence alone is not VERIFIED lineage.
sha256:b286fe7b5797f71f1ab2,b286fe7b5797f71f1ab2a72160078ed8bf394b97d6d29bfbcaa7ac456772cbeb,finetune_mu_33.0.pth,Soil_Labeled_Data/soilNet_di chuyen tu o C/checkpoints_VicReg/finetune_mu_33.0.pth,raw_state_dict,2x128,10x128,10,True,33.0,,LEGACY_GITHUB:finetune_mu=33.ipynb,Soil_Labeled_Data/soilNet_di chuyen tu o C/finetune_update/training_metrics_finetuned_VicReg_mu_33.csv,2057,False,False,TRAINED_ON_ALL_2057,LAST_EPOCH,5,HIGH_CONFIDENCE_LINEAGE,CANNOT_PROVIDE_PROSPECTIVE_HELDOUT_TEST,No notebook records the checkpoint SHA at save time; filename/path evidence alone is not VERIFIED lineage.
sha256:3e0b6f3429238a120ca2,3e0b6f3429238a120ca26c3cf4282fa1d84a2f67da83c23fbb64b61bbb5fd5e5,finetune_mu_40.0.pth,Soil_Labeled_Data/soilNet_di chuyen tu o C/checkpoints_VicReg/finetune_mu_40.0.pth,raw_state_dict,2x128,10x128,10,True,40.0,,LEGACY_GITHUB:finetune_mu=40.ipynb,UNMAPPED,2057,False,False,TRAINED_ON_ALL_2057,LAST_EPOCH,4,MEDIUM_CONFIDENCE_LINEAGE,CANNOT_PROVIDE_PROSPECTIVE_HELDOUT_TEST,No notebook records the checkpoint SHA at save time; filename/path evidence alone is not VERIFIED lineage.
sha256:404b6cf3662da113b7c7,404b6cf3662da113b7c78dddd3548813d5f966d93895b883242d59498a9e59df,vicreg_model_final_tinyImageNet_mu_20.0.pth,Soil_Labeled_Data/soilNet_di chuyen tu o C/checkpoints_VicReg/vicreg_model_final_tinyImageNet_mu_20.0.pth,raw_state_dict,2x128,10x128,10,True,20.0,,LEGACY_GITHUB:finetune_tinyImage_mu=20.ipynb,Soil_Labeled_Data/soilNet_di chuyen tu o C/finetune_update/training_metrics_finetuned_VicReg_TinyImageNet_mu_20.csv,2057,False,False,TRAINED_ON_ALL_2057,LAST_EPOCH,5,HIGH_CONFIDENCE_LINEAGE,CANNOT_PROVIDE_PROSPECTIVE_HELDOUT_TEST,No notebook records the checkpoint SHA at save time; filename/path evidence alone is not VERIFIED lineage.
sha256:8e64f6898656a2192ea0,8e64f6898656a2192ea0769d56c78597e6ebad8c961212541f9ed4bcd77492cf,vicreg_model_final_tinyImageNet_mu_20.0.pth,Soil_Labeled_Data/soilNet_di chuyen tu o C/checkpoints_VicReg_tinyImagenet/vicreg_model_final_tinyImageNet_mu_20.0.pth,raw_state_dict,2x128,10x128,10,True,20.0,,LEGACY_GITHUB:finetune_tinyImage_mu=20.ipynb,Soil_Labeled_Data/soilNet_di chuyen tu o C/finetune_update/training_metrics_finetuned_VicReg_TinyImageNet_mu_20.csv,2057,False,False,TRAINED_ON_ALL_2057,LAST_EPOCH,5,HIGH_CONFIDENCE_LINEAGE,CANNOT_PROVIDE_PROSPECTIVE_HELDOUT_TEST,No notebook records the checkpoint SHA at save time; filename/path evidence alone is not VERIFIED lineage.
sha256:8fcecd49fbe72fed83ad,8fcecd49fbe72fed83add29022fc8dc11fc99352b4e38e11349eb256a5732aa2,vicreg_model_final_tinyImageNet_mu_23.0.pth,Soil_Labeled_Data/soilNet_di chuyen tu o C/checkpoints_VicReg_tinyImagenet/vicreg_model_final_tinyImageNet_mu_23.0.pth,raw_state_dict,2x128,10x128,10,True,23.0,,LEGACY_GITHUB:finetune_tinyImage_mu=23.ipynb,Soil_Labeled_Data/soilNet_di chuyen tu o C/finetune_update/training_metrics_finetuned_VicReg_TinyImageNet_mu_23.csv,2057,False,False,TRAINED_ON_ALL_2057,LAST_EPOCH,5,HIGH_CONFIDENCE_LINEAGE,CANNOT_PROVIDE_PROSPECTIVE_HELDOUT_TEST,No notebook records the checkpoint SHA at save time; filename/path evidence alone is not VERIFIED lineage.
sha256:cd98e7e59a49b87e9afb,cd98e7e59a49b87e9afb4146220b616122252042f94a57fef2d766a69bedb3e7,vicreg_model_final_tinyImageNet_mu_25.0.pth,Soil_Labeled_Data/soilNet_di chuyen tu o C/checkpoints_VicReg_tinyImagenet/vicreg_model_final_tinyImageNet_mu_25.0.pth,raw_state_dict,2x128,10x128,10,True,25.0,,LEGACY_GITHUB:finetune_tinyImage_mu=25.ipynb,Soil_Labeled_Data/soilNet_di chuyen tu o C/finetune_update/training_metrics_finetuned_VicReg_TinyImageNet_mu_25.csv,2057,False,False,TRAINED_ON_ALL_2057,LAST_EPOCH,5,HIGH_CONFIDENCE_LINEAGE,CANNOT_PROVIDE_PROSPECTIVE_HELDOUT_TEST,No notebook records the checkpoint SHA at save time; filename/path evidence alone is not VERIFIED lineage.
sha256:2919012a6a6e585f6a3c,2919012a6a6e585f6a3cb2762415c811abae8119e3196fce15afdf3389ee17c1,vicreg_model_final_tinyImageNet_mu_27.0.pth,Soil_Labeled_Data/soilNet_di chuyen tu o C/checkpoints_VicReg_tinyImagenet/vicreg_model_final_tinyImageNet_mu_27.0.pth,raw_state_dict,2x128,10x128,10,True,27.0,,LEGACY_GITHUB:finetune_tinyImage_mu=27.ipynb,Soil_Labeled_Data/soilNet_di chuyen tu o C/finetune_update/training_metrics_finetuned_VicReg_TinyImageNet_mu_27.csv,2057,False,False,TRAINED_ON_ALL_2057,LAST_EPOCH,5,HIGH_CONFIDENCE_LINEAGE,CANNOT_PROVIDE_PROSPECTIVE_HELDOUT_TEST,No notebook records the checkpoint SHA at save time; filename/path evidence alone is not VERIFIED lineage.
sha256:480318812d920065cfcc,480318812d920065cfcc43d29531dbe71947e610e5ae4f2021e3f83cbdddc8ff,vicreg_model_final_tinyImageNet_mu_30.0.pth,Soil_Labeled_Data/soilNet_di chuyen tu o C/checkpoints_VicReg_tinyImagenet/vicreg_model_final_tinyImageNet_mu_30.0.pth,raw_state_dict,2x128,10x128,10,True,30.0,,LEGACY_GITHUB:finetune_tinyImage_mu=30.ipynb,Soil_Labeled_Data/soilNet_di chuyen tu o C/finetune_update/training_metrics_finetuned_VicReg_TinyImageNet_mu_30.csv,2057,False,False,TRAINED_ON_ALL_2057,LAST_EPOCH,5,HIGH_CONFIDENCE_LINEAGE,CANNOT_PROVIDE_PROSPECTIVE_HELDOUT_TEST,No notebook records the checkpoint SHA at save time; filename/path evidence alone is not VERIFIED lineage.
sha256:87df6bc8978ccd387cd1,87df6bc8978ccd387cd1207b3509d1a5fba26fd5d4d38a0b94e9d926529f8b9b,vicreg_model_final_tinyImageNet_mu_33.0.pth,Soil_Labeled_Data/soilNet_di chuyen tu o C/checkpoints_VicReg_tinyImagenet/vicreg_model_final_tinyImageNet_mu_33.0.pth,raw_state_dict,2x128,10x128,10,True,33.0,,LEGACY_GITHUB:finetune_tinyImage_mu=33.ipynb,Soil_Labeled_Data/soilNet_di chuyen tu o C/finetune_update/training_metrics_finetuned_VicReg_TinyImageNet_mu_33.csv,2057,False,False,TRAINED_ON_ALL_2057,LAST_EPOCH,5,HIGH_CONFIDENCE_LINEAGE,CANNOT_PROVIDE_PROSPECTIVE_HELDOUT_TEST,No notebook records the checkpoint SHA at save time; filename/path evidence alone is not VERIFIED lineage.
sha256:9ecab98fc4b0ba220f00,9ecab98fc4b0ba220f00361c011853456adce5900e9daba604c3ac359f25f020,Best_finetuned_VicReg_mu_20.pth,Soil_Labeled_Data/soilNet_di chuyen tu o C/finetune_update/Best_finetuned_VicReg_mu_20.pth,raw_state_dict,2x128,10x128,10,True,20,,LEGACY_GITHUB:finetune_new/Finetune_VicReg_mu=20.ipynb;DATA_ROOT:Soil_Labeled_Data/soilNet_di chuyen tu o C/finetune_update/.ipynb_checkpoints/Finetune_VicReg_mu=20-checkpoint.ipynb;DATA_ROOT:Soil_Labeled_Data/soilNet_di chuyen tu o C/finetune_update/Finetune_VicReg_mu=20.ipynb,Soil_Labeled_Data/soilNet_di chuyen tu o C/finetune_update/training_metrics_finetuned_VicReg_mu_20.csv,2057,False,False,TRAINED_ON_ALL_2057,TRAIN_METRIC,5,HIGH_CONFIDENCE_LINEAGE,TRAINING_SELECTED_CHECKPOINT,No notebook records the checkpoint SHA at save time; filename/path evidence alone is not VERIFIED lineage.
sha256:b041238df27a184e6b6c,b041238df27a184e6b6c5e2a58feedd8f9f6b230d8bedc5003e04b22327185c0,Best_finetuned_VicReg_mu_23.pth,Soil_Labeled_Data/soilNet_di chuyen tu o C/finetune_update/Best_finetuned_VicReg_mu_23.pth,raw_state_dict,2x128,10x128,10,True,23,,LEGACY_GITHUB:finetune_new/Finetune_VicReg_mu=23.ipynb;DATA_ROOT:Soil_Labeled_Data/soilNet_di chuyen tu o C/finetune_update/.ipynb_checkpoints/Finetune_VicReg_mu=23-checkpoint.ipynb;DATA_ROOT:Soil_Labeled_Data/soilNet_di chuyen tu o C/finetune_update/Finetune_VicReg_mu=23.ipynb,Soil_Labeled_Data/soilNet_di chuyen tu o C/finetune_update/training_metrics_finetuned_VicReg_mu_23.csv,2057,False,False,TRAINED_ON_ALL_2057,TRAIN_METRIC,5,HIGH_CONFIDENCE_LINEAGE,TRAINING_SELECTED_CHECKPOINT,No notebook records the checkpoint SHA at save time; filename/path evidence alone is not VERIFIED lineage.
sha256:04ef87796b709daea2ab,04ef87796b709daea2ab7b5f728db015e0d09db8105eb3d3b06e3e451105bbd6,Best_finetuned_VicReg_mu_25.pth,Soil_Labeled_Data/soilNet_di chuyen tu o C/finetune_update/Best_finetuned_VicReg_mu_25.pth,raw_state_dict,2x128,10x128,10,True,25,,LEGACY_GITHUB:finetune_new/Finetune_VicReg_mu=25.ipynb;DATA_ROOT:Soil_Labeled_Data/soilNet_di chuyen tu o C/finetune_update/.ipynb_checkpoints/Finetune_VicReg_mu=25-checkpoint.ipynb;DATA_ROOT:Soil_Labeled_Data/soilNet_di chuyen tu o C/finetune_update/Finetune_VicReg_mu=25.ipynb,Soil_Labeled_Data/soilNet_di chuyen tu o C/finetune_update/training_metrics_finetuned_VicReg_mu_25.csv,2057,False,False,TRAINED_ON_ALL_2057,TRAIN_METRIC,5,HIGH_CONFIDENCE_LINEAGE,TRAINING_SELECTED_CHECKPOINT,No notebook records the checkpoint SHA at save time; filename/path evidence alone is not VERIFIED lineage.
sha256:c14cc5102545ddfbd0be,c14cc5102545ddfbd0be60e611138309231ee185597c415043bb5f9dce188971,Best_finetuned_VicReg_mu_27.pth,Soil_Labeled_Data/soilNet_di chuyen tu o C/finetune_update/Best_finetuned_VicReg_mu_27.pth,raw_state_dict,2x128,10x128,10,True,27,,LEGACY_GITHUB:finetune_new/Finetune_VicReg_mu=27.ipynb;DATA_ROOT:Soil_Labeled_Data/soilNet_di chuyen tu o C/finetune_update/.ipynb_checkpoints/Finetune_VicReg_mu=27-checkpoint.ipynb;DATA_ROOT:Soil_Labeled_Data/soilNet_di chuyen tu o C/finetune_update/Finetune_VicReg_mu=27.ipynb,Soil_Labeled_Data/soilNet_di chuyen tu o C/finetune_update/training_metrics_finetuned_VicReg_mu_27.csv,2057,False,False,TRAINED_ON_ALL_2057,TRAIN_METRIC,5,HIGH_CONFIDENCE_LINEAGE,TRAINING_SELECTED_CHECKPOINT,No notebook records the checkpoint SHA at save time; filename/path evidence alone is not VERIFIED lineage.
sha256:1e1ca8c55be4f0707edc,1e1ca8c55be4f0707edc14187d855e561d154686f4386f93e6a2b1e97f08598d,Best_finetuned_VicReg_mu_30.pth,Soil_Labeled_Data/soilNet_di chuyen tu o C/finetune_update/Best_finetuned_VicReg_mu_30.pth,raw_state_dict,2x128,10x128,10,True,30,,LEGACY_GITHUB:finetune_new/Finetune_VicReg_mu=30.ipynb;DATA_ROOT:Soil_Labeled_Data/soilNet_di chuyen tu o C/finetune_update/.ipynb_checkpoints/Finetune_VicReg_mu=30-checkpoint.ipynb;DATA_ROOT:Soil_Labeled_Data/soilNet_di chuyen tu o C/finetune_update/Finetune_VicReg_mu=30.ipynb,Soil_Labeled_Data/soilNet_di chuyen tu o C/finetune_update/training_metrics_finetuned_VicReg_mu_30.csv,2057,False,False,TRAINED_ON_ALL_2057,TRAIN_METRIC,5,HIGH_CONFIDENCE_LINEAGE,TRAINING_SELECTED_CHECKPOINT,No notebook records the checkpoint SHA at save time; filename/path evidence alone is not VERIFIED lineage.
sha256:b8375740dcf7c86541d0,b8375740dcf7c86541d00a282240e7c75eb786b3259177c27dbf0a5f18e7a4e1,Best_finetuned_VicReg_mu_33.pth,Soil_Labeled_Data/soilNet_di chuyen tu o C/finetune_update/Best_finetuned_VicReg_mu_33.pth,raw_state_dict,2x128,10x128,10,True,33,,LEGACY_GITHUB:finetune_new/Finetune_VicReg_mu=33.ipynb;DATA_ROOT:Soil_Labeled_Data/soilNet_di chuyen tu o C/finetune_update/.ipynb_checkpoints/Finetune_VicReg_mu=33-checkpoint.ipynb;DATA_ROOT:Soil_Labeled_Data/soilNet_di chuyen tu o C/finetune_update/Finetune_VicReg_mu=33.ipynb,Soil_Labeled_Data/soilNet_di chuyen tu o C/finetune_update/training_metrics_finetuned_VicReg_mu_33.csv,2057,False,False,TRAINED_ON_ALL_2057,TRAIN_METRIC,5,HIGH_CONFIDENCE_LINEAGE,TRAINING_SELECTED_CHECKPOINT,No notebook records the checkpoint SHA at save time; filename/path evidence alone is not VERIFIED lineage.
sha256:ea91a0d6daf19f43e3d4,ea91a0d6daf19f43e3d46f4c0c6c7cd2917c03a93fd8edb2a57c56d032fdde7d,Best_finetuned_VicReg_TinyImageNet_mu_20.pth,Soil_Labeled_Data/soilNet_di chuyen tu o C/finetune_update/Best_finetuned_VicReg_TinyImageNet_mu_20.pth,raw_state_dict,2x128,10x128,10,True,20,,LEGACY_GITHUB:finetune_new/Finetune_VicReg_TinyImageNet_mu=20.ipynb;DATA_ROOT:Soil_Labeled_Data/soilNet_di chuyen tu o C/finetune_update/.ipynb_checkpoints/Finetune_VicReg_TinyImageNet_mu=20-checkpoint.ipynb;DATA_ROOT:Soil_Labeled_Data/soilNet_di chuyen tu o C/finetune_update/.ipynb_checkpoints/Finetune_VicReg_TinyImageNet_mu=23-checkpoint.ipynb;DATA_ROOT:Soil_Labeled_Data/soilNet_di chuyen tu o C/finetune_update/Finetune_VicReg_TinyImageNet_mu=20.ipynb,Soil_Labeled_Data/soilNet_di chuyen tu o C/finetune_update/training_metrics_finetuned_VicReg_TinyImageNet_mu_20.csv,2057,False,False,TRAINED_ON_ALL_2057,TRAIN_METRIC,5,HIGH_CONFIDENCE_LINEAGE,TRAINING_SELECTED_CHECKPOINT,No notebook records the checkpoint SHA at save time; filename/path evidence alone is not VERIFIED lineage.
sha256:4b166e851277f89fbdca,4b166e851277f89fbdcab0b327c024ee8c72d8f96b042194b9ffd45624e82407,Best_finetuned_VicReg_TinyImageNet_mu_23.pth,Soil_Labeled_Data/soilNet_di chuyen tu o C/finetune_update/Best_finetuned_VicReg_TinyImageNet_mu_23.pth,raw_state_dict,2x128,10x128,10,True,23,,LEGACY_GITHUB:finetune_new/Finetune_VicReg_TinyImageNet_mu=23.ipynb;DATA_ROOT:Soil_Labeled_Data/soilNet_di chuyen tu o C/finetune_update/Finetune_VicReg_TinyImageNet_mu=23.ipynb,Soil_Labeled_Data/soilNet_di chuyen tu o C/finetune_update/training_metrics_finetuned_VicReg_TinyImageNet_mu_23.csv,2057,False,False,TRAINED_ON_ALL_2057,TRAIN_METRIC,5,HIGH_CONFIDENCE_LINEAGE,TRAINING_SELECTED_CHECKPOINT,No notebook records the checkpoint SHA at save time; filename/path evidence alone is not VERIFIED lineage.
sha256:9569f31e877280391ce1,9569f31e877280391ce1d9cb9b446e764e2c3ec5f0a55cbf7086391452aca522,Best_finetuned_VicReg_TinyImageNet_mu_25.pth,Soil_Labeled_Data/soilNet_di chuyen tu o C/finetune_update/Best_finetuned_VicReg_TinyImageNet_mu_25.pth,raw_state_dict,2x128,10x128,10,True,25,,LEGACY_GITHUB:finetune_new/Finetune_VicReg_TinyImageNet_mu=25.ipynb;DATA_ROOT:Soil_Labeled_Data/soilNet_di chuyen tu o C/finetune_update/.ipynb_checkpoints/Finetune_VicReg_TinyImageNet_mu=25-checkpoint.ipynb;DATA_ROOT:Soil_Labeled_Data/soilNet_di chuyen tu o C/finetune_update/Finetune_VicReg_TinyImageNet_mu=25.ipynb,Soil_Labeled_Data/soilNet_di chuyen tu o C/finetune_update/training_metrics_finetuned_VicReg_TinyImageNet_mu_25.csv,2057,False,False,TRAINED_ON_ALL_2057,TRAIN_METRIC,5,HIGH_CONFIDENCE_LINEAGE,TRAINING_SELECTED_CHECKPOINT,No notebook records the checkpoint SHA at save time; filename/path evidence alone is not VERIFIED lineage.
sha256:ce182aa77a2e1f5b0080,ce182aa77a2e1f5b00802f10ccd22acee7c1b8fe41e06141bccb221988f09127,Best_finetuned_VicReg_TinyImageNet_mu_27.pth,Soil_Labeled_Data/soilNet_di chuyen tu o C/finetune_update/Best_finetuned_VicReg_TinyImageNet_mu_27.pth,raw_state_dict,2x128,10x128,10,True,27,,LEGACY_GITHUB:finetune_new/Finetune_VicReg_TinyImageNet_mu=27.ipynb;DATA_ROOT:Soil_Labeled_Data/soilNet_di chuyen tu o C/finetune_update/.ipynb_checkpoints/Finetune_VicReg_TinyImageNet_mu=27-checkpoint.ipynb;DATA_ROOT:Soil_Labeled_Data/soilNet_di chuyen tu o C/finetune_update/Finetune_VicReg_TinyImageNet_mu=27.ipynb,Soil_Labeled_Data/soilNet_di chuyen tu o C/finetune_update/training_metrics_finetuned_VicReg_TinyImageNet_mu_27.csv,2057,False,False,TRAINED_ON_ALL_2057,TRAIN_METRIC,5,HIGH_CONFIDENCE_LINEAGE,TRAINING_SELECTED_CHECKPOINT,No notebook records the checkpoint SHA at save time; filename/path evidence alone is not VERIFIED lineage.
sha256:77747b41967faa23fc10,77747b41967faa23fc101e92372b55ca6467e37a2324dc041ab2634471b6ec82,Best_finetuned_VicReg_TinyImageNet_mu_30.pth,Soil_Labeled_Data/soilNet_di chuyen tu o C/finetune_update/Best_finetuned_VicReg_TinyImageNet_mu_30.pth,raw_state_dict,2x128,10x128,10,True,30,,LEGACY_GITHUB:finetune_new/Finetune_VicReg_TinyImageNet_mu=30.ipynb;DATA_ROOT:Soil_Labeled_Data/soilNet_di chuyen tu o C/finetune_update/.ipynb_checkpoints/Finetune_VicReg_TinyImageNet_mu=30-checkpoint.ipynb;DATA_ROOT:Soil_Labeled_Data/soilNet_di chuyen tu o C/finetune_update/Finetune_VicReg_TinyImageNet_mu=30.ipynb,Soil_Labeled_Data/soilNet_di chuyen tu o C/finetune_update/training_metrics_finetuned_VicReg_TinyImageNet_mu_30.csv,2057,False,False,TRAINED_ON_ALL_2057,TRAIN_METRIC,5,HIGH_CONFIDENCE_LINEAGE,TRAINING_SELECTED_CHECKPOINT,No notebook records the checkpoint SHA at save time; filename/path evidence alone is not VERIFIED lineage.
sha256:e6bf990dca8abdeb4d3b,e6bf990dca8abdeb4d3be842f8ac9ab03bf6152541d8d06c9084cf26f3d79225,Best_finetuned_VicReg_TinyImageNet_mu_33.pth,Soil_Labeled_Data/soilNet_di chuyen tu o C/finetune_update/Best_finetuned_VicReg_TinyImageNet_mu_33.pth,raw_state_dict,2x128,10x128,10,True,33,,LEGACY_GITHUB:finetune_new/Finetune_VicReg_TinyImageNet_mu=33.ipynb;DATA_ROOT:Soil_Labeled_Data/soilNet_di chuyen tu o C/finetune_update/.ipynb_checkpoints/Finetune_VicReg_TinyImageNet_mu=33-checkpoint.ipynb;DATA_ROOT:Soil_Labeled_Data/soilNet_di chuyen tu o C/finetune_update/Finetune_VicReg_TinyImageNet_mu=33.ipynb,Soil_Labeled_Data/soilNet_di chuyen tu o C/finetune_update/training_metrics_finetuned_VicReg_TinyImageNet_mu_33.csv,2057,False,False,TRAINED_ON_ALL_2057,TRAIN_METRIC,5,HIGH_CONFIDENCE_LINEAGE,TRAINING_SELECTED_CHECKPOINT,No notebook records the checkpoint SHA at save time; filename/path evidence alone is not VERIFIED lineage.
sha256:7deb4cd4f16113fcffc6,7deb4cd4f16113fcffc64f656b81d362bada4e272f1876896093dcb684a1c890,SoilNet_best.pth,Soil_Labeled_Data/soilNet_di chuyen tu o C/Model/SoilNet_best.pth,raw_state_dict,2x128,10x128,10,True,,,UNMAPPED,Soil_Labeled_Data/labels.csv;Soil_Labeled_Data/soilNet_di chuyen tu o C/checkpoints_VicReg/vicreg_metrics.csv;Soil_Labeled_Data/soilNet_di chuyen tu o C/Experiment 2 VicReg/Results/SoilNet_orginal_20_epoch_VicReg_finetuneda.csv;Soil_Labeled_Data/soilNet_di chuyen tu o C/Experiment 2 VicReg/Results/SoilNet_orginal_50_epoch_VicReg_finetuned.csv;Soil_Labeled_Data/soilNet_di chuyen tu o C/Experiment 2 VicReg/Results/SoilNet_pretrained_20_epoch_VicReg_finetuned.csv;Soil_Labeled_Data/soilNet_di chuyen tu o C/Experiment 2 VicReg/Results/SoilNet_pretrained_50_epoch_VicReg_finetuned.csv;Soil_Labeled_Data/soilNet_di chuyen tu o C/Experiment 3 SOTA/Results/Result SOTA model.csv;Soil_Labeled_Data/soilNet_di chuyen tu o C/Experiment 4 Classifier/Result/Classifier_cls_reg_features.csv;Soil_Labeled_Data/soilNet_di chuyen tu o C/Experiment 4 Classifier/Result/Classifier_cls_reg_features_new.xlsx;Soil_Labeled_Data/soilNet_di chuyen tu o C/Experiment 4 Classifier/Result/Classifier_concat.csv;Soil_Labeled_Data/soilNet_di chuyen tu o C/finetune_update/training_metrics_finetuned_VicReg_mu_20.csv;Soil_Labeled_Data/soilNet_di chuyen tu o C/finetune_update/training_metrics_finetuned_VicReg_mu_23.csv;Soil_Labeled_Data/soilNet_di chuyen tu o C/finetune_update/training_metrics_finetuned_VicReg_mu_25.csv;Soil_Labeled_Data/soilNet_di chuyen tu o C/finetune_update/training_metrics_finetuned_VicReg_mu_27.csv;Soil_Labeled_Data/soilNet_di chuyen tu o C/finetune_update/training_metrics_finetuned_VicReg_mu_30.csv;Soil_Labeled_Data/soilNet_di chuyen tu o C/finetune_update/training_metrics_finetuned_VicReg_mu_33.csv,UNKNOWN,False,False,UNKNOWN_EXPOSURE,UNKNOWN,3,AMBIGUOUS,EXPOSURE_UNKNOWN,No notebook records the checkpoint SHA at save time; filename/path evidence alone is not VERIFIED lineage.
sha256:ea4d3de46a4a3dd3a391,ea4d3de46a4a3dd3a391f7408049513e5fdd9da66472d26836a49622aef86612,SoilNet_orginal_20_epoch_VicReg_finetuned.pth,Soil_Labeled_Data/soilNet_di chuyen tu o C/Model/SoilNet_orginal_20_epoch_VicReg_finetuned.pth,raw_state_dict,2x128,10x128,10,True,,,UNMAPPED,Soil_Labeled_Data/labels.csv;Soil_Labeled_Data/soilNet_di chuyen tu o C/checkpoints_VicReg/vicreg_metrics.csv;Soil_Labeled_Data/soilNet_di chuyen tu o C/Experiment 2 VicReg/Results/SoilNet_orginal_20_epoch_VicReg_finetuneda.csv;Soil_Labeled_Data/soilNet_di chuyen tu o C/Experiment 2 VicReg/Results/SoilNet_orginal_50_epoch_VicReg_finetuned.csv;Soil_Labeled_Data/soilNet_di chuyen tu o C/Experiment 2 VicReg/Results/SoilNet_pretrained_20_epoch_VicReg_finetuned.csv;Soil_Labeled_Data/soilNet_di chuyen tu o C/Experiment 2 VicReg/Results/SoilNet_pretrained_50_epoch_VicReg_finetuned.csv;Soil_Labeled_Data/soilNet_di chuyen tu o C/Experiment 3 SOTA/Results/Result SOTA model.csv;Soil_Labeled_Data/soilNet_di chuyen tu o C/Experiment 4 Classifier/Result/Classifier_cls_reg_features.csv;Soil_Labeled_Data/soilNet_di chuyen tu o C/Experiment 4 Classifier/Result/Classifier_cls_reg_features_new.xlsx;Soil_Labeled_Data/soilNet_di chuyen tu o C/Experiment 4 Classifier/Result/Classifier_concat.csv;Soil_Labeled_Data/soilNet_di chuyen tu o C/finetune_update/training_metrics_finetuned_VicReg_mu_20.csv;Soil_Labeled_Data/soilNet_di chuyen tu o C/finetune_update/training_metrics_finetuned_VicReg_mu_23.csv;Soil_Labeled_Data/soilNet_di chuyen tu o C/finetune_update/training_metrics_finetuned_VicReg_mu_25.csv;Soil_Labeled_Data/soilNet_di chuyen tu o C/finetune_update/training_metrics_finetuned_VicReg_mu_27.csv;Soil_Labeled_Data/soilNet_di chuyen tu o C/finetune_update/training_metrics_finetuned_VicReg_mu_30.csv;Soil_Labeled_Data/soilNet_di chuyen tu o C/finetune_update/training_metrics_finetuned_VicReg_mu_33.csv,UNKNOWN,False,False,UNKNOWN_EXPOSURE,LAST_EPOCH,3,AMBIGUOUS,CANNOT_PROVIDE_PROSPECTIVE_HELDOUT_TEST,No notebook records the checkpoint SHA at save time; filename/path evidence alone is not VERIFIED lineage.
sha256:53e9e7dbf9f3de67a15b,53e9e7dbf9f3de67a15b55f01e21d451fa3350bcaa7cdca76c7c5cef0971423b,SoilNet_orginal_50_epoch_VicReg_finetuned.pth,Soil_Labeled_Data/soilNet_di chuyen tu o C/Model/SoilNet_orginal_50_epoch_VicReg_finetuned.pth,raw_state_dict,2x128,10x128,10,True,,,UNMAPPED,Soil_Labeled_Data/labels.csv;Soil_Labeled_Data/soilNet_di chuyen tu o C/checkpoints_VicReg/vicreg_metrics.csv;Soil_Labeled_Data/soilNet_di chuyen tu o C/Experiment 2 VicReg/Results/SoilNet_orginal_20_epoch_VicReg_finetuneda.csv;Soil_Labeled_Data/soilNet_di chuyen tu o C/Experiment 2 VicReg/Results/SoilNet_orginal_50_epoch_VicReg_finetuned.csv;Soil_Labeled_Data/soilNet_di chuyen tu o C/Experiment 2 VicReg/Results/SoilNet_pretrained_20_epoch_VicReg_finetuned.csv;Soil_Labeled_Data/soilNet_di chuyen tu o C/Experiment 2 VicReg/Results/SoilNet_pretrained_50_epoch_VicReg_finetuned.csv;Soil_Labeled_Data/soilNet_di chuyen tu o C/Experiment 3 SOTA/Results/Result SOTA model.csv;Soil_Labeled_Data/soilNet_di chuyen tu o C/Experiment 4 Classifier/Result/Classifier_cls_reg_features.csv;Soil_Labeled_Data/soilNet_di chuyen tu o C/Experiment 4 Classifier/Result/Classifier_cls_reg_features_new.xlsx;Soil_Labeled_Data/soilNet_di chuyen tu o C/Experiment 4 Classifier/Result/Classifier_concat.csv;Soil_Labeled_Data/soilNet_di chuyen tu o C/finetune_update/training_metrics_finetuned_VicReg_mu_20.csv;Soil_Labeled_Data/soilNet_di chuyen tu o C/finetune_update/training_metrics_finetuned_VicReg_mu_23.csv;Soil_Labeled_Data/soilNet_di chuyen tu o C/finetune_update/training_metrics_finetuned_VicReg_mu_25.csv;Soil_Labeled_Data/soilNet_di chuyen tu o C/finetune_update/training_metrics_finetuned_VicReg_mu_27.csv;Soil_Labeled_Data/soilNet_di chuyen tu o C/finetune_update/training_metrics_finetuned_VicReg_mu_30.csv;Soil_Labeled_Data/soilNet_di chuyen tu o C/finetune_update/training_metrics_finetuned_VicReg_mu_33.csv,UNKNOWN,False,False,UNKNOWN_EXPOSURE,LAST_EPOCH,3,AMBIGUOUS,CANNOT_PROVIDE_PROSPECTIVE_HELDOUT_TEST,No notebook records the checkpoint SHA at save time; filename/path evidence alone is not VERIFIED lineage.
sha256:9396a7066b541f46f5c5,9396a7066b541f46f5c5bd1f1a560d3aff2694f0194c0e591e6b8ec9e462014d,SoilNet_pretrained_20_epoch_VicReg_finetuned.pth,Soil_Labeled_Data/soilNet_di chuyen tu o C/Model/SoilNet_pretrained_20_epoch_VicReg_finetuned.pth,raw_state_dict,2x128,10x128,10,True,,,UNMAPPED,Soil_Labeled_Data/labels.csv;Soil_Labeled_Data/soilNet_di chuyen tu o C/checkpoints_VicReg/vicreg_metrics.csv;Soil_Labeled_Data/soilNet_di chuyen tu o C/Experiment 2 VicReg/Results/SoilNet_orginal_20_epoch_VicReg_finetuneda.csv;Soil_Labeled_Data/soilNet_di chuyen tu o C/Experiment 2 VicReg/Results/SoilNet_orginal_50_epoch_VicReg_finetuned.csv;Soil_Labeled_Data/soilNet_di chuyen tu o C/Experiment 2 VicReg/Results/SoilNet_pretrained_20_epoch_VicReg_finetuned.csv;Soil_Labeled_Data/soilNet_di chuyen tu o C/Experiment 2 VicReg/Results/SoilNet_pretrained_50_epoch_VicReg_finetuned.csv;Soil_Labeled_Data/soilNet_di chuyen tu o C/Experiment 3 SOTA/Results/Result SOTA model.csv;Soil_Labeled_Data/soilNet_di chuyen tu o C/Experiment 4 Classifier/Result/Classifier_cls_reg_features.csv;Soil_Labeled_Data/soilNet_di chuyen tu o C/Experiment 4 Classifier/Result/Classifier_cls_reg_features_new.xlsx;Soil_Labeled_Data/soilNet_di chuyen tu o C/Experiment 4 Classifier/Result/Classifier_concat.csv;Soil_Labeled_Data/soilNet_di chuyen tu o C/finetune_update/training_metrics_finetuned_VicReg_mu_20.csv;Soil_Labeled_Data/soilNet_di chuyen tu o C/finetune_update/training_metrics_finetuned_VicReg_mu_23.csv;Soil_Labeled_Data/soilNet_di chuyen tu o C/finetune_update/training_metrics_finetuned_VicReg_mu_25.csv;Soil_Labeled_Data/soilNet_di chuyen tu o C/finetune_update/training_metrics_finetuned_VicReg_mu_27.csv;Soil_Labeled_Data/soilNet_di chuyen tu o C/finetune_update/training_metrics_finetuned_VicReg_mu_30.csv;Soil_Labeled_Data/soilNet_di chuyen tu o C/finetune_update/training_metrics_finetuned_VicReg_mu_33.csv,UNKNOWN,False,False,UNKNOWN_EXPOSURE,LAST_EPOCH,3,AMBIGUOUS,CANNOT_PROVIDE_PROSPECTIVE_HELDOUT_TEST,No notebook records the checkpoint SHA at save time; filename/path evidence alone is not VERIFIED lineage.
sha256:7deb4cd4f16113fcffc6,7deb4cd4f16113fcffc64f656b81d362bada4e272f1876896093dcb684a1c890,SoilNet_pretrained_50_epoch_VicReg_finetuned.pth,Soil_Labeled_Data/soilNet_di chuyen tu o C/Model/SoilNet_pretrained_50_epoch_VicReg_finetuned.pth,raw_state_dict,2x128,10x128,10,True,,,UNMAPPED,Soil_Labeled_Data/labels.csv;Soil_Labeled_Data/soilNet_di chuyen tu o C/checkpoints_VicReg/vicreg_metrics.csv;Soil_Labeled_Data/soilNet_di chuyen tu o C/Experiment 2 VicReg/Results/SoilNet_orginal_20_epoch_VicReg_finetuneda.csv;Soil_Labeled_Data/soilNet_di chuyen tu o C/Experiment 2 VicReg/Results/SoilNet_orginal_50_epoch_VicReg_finetuned.csv;Soil_Labeled_Data/soilNet_di chuyen tu o C/Experiment 2 VicReg/Results/SoilNet_pretrained_20_epoch_VicReg_finetuned.csv;Soil_Labeled_Data/soilNet_di chuyen tu o C/Experiment 2 VicReg/Results/SoilNet_pretrained_50_epoch_VicReg_finetuned.csv;Soil_Labeled_Data/soilNet_di chuyen tu o C/Experiment 3 SOTA/Results/Result SOTA model.csv;Soil_Labeled_Data/soilNet_di chuyen tu o C/Experiment 4 Classifier/Result/Classifier_cls_reg_features.csv;Soil_Labeled_Data/soilNet_di chuyen tu o C/Experiment 4 Classifier/Result/Classifier_cls_reg_features_new.xlsx;Soil_Labeled_Data/soilNet_di chuyen tu o C/Experiment 4 Classifier/Result/Classifier_concat.csv;Soil_Labeled_Data/soilNet_di chuyen tu o C/finetune_update/training_metrics_finetuned_VicReg_mu_20.csv;Soil_Labeled_Data/soilNet_di chuyen tu o C/finetune_update/training_metrics_finetuned_VicReg_mu_23.csv;Soil_Labeled_Data/soilNet_di chuyen tu o C/finetune_update/training_metrics_finetuned_VicReg_mu_25.csv;Soil_Labeled_Data/soilNet_di chuyen tu o C/finetune_update/training_metrics_finetuned_VicReg_mu_27.csv;Soil_Labeled_Data/soilNet_di chuyen tu o C/finetune_update/training_metrics_finetuned_VicReg_mu_30.csv;Soil_Labeled_Data/soilNet_di chuyen tu o C/finetune_update/training_metrics_finetuned_VicReg_mu_33.csv,UNKNOWN,False,False,UNKNOWN_EXPOSURE,LAST_EPOCH,3,AMBIGUOUS,CANNOT_PROVIDE_PROSPECTIVE_HELDOUT_TEST,No notebook records the checkpoint SHA at save time; filename/path evidence alone is not VERIFIED lineage.
