relative_path,file_type,row_count,columns,evaluation_scope,read_error
Soil_Labeled_Data/labels.csv,csv,2057,id;path;moisture_bin;light_bin;SM_0;light_value;SM_20;moisture_class,SCOPE_NOT_PROVEN,
Soil_Labeled_Data/soilNet_di chuyen tu o C/checkpoints_VicReg/vicreg_metrics.csv,csv,60,mu;epoch;vicreg_loss;mse_loss;rmse_loss;mae_loss;accuracy;f1_score,TRAINING_LOG_SUSPECTED,
Soil_Labeled_Data/soilNet_di chuyen tu o C/Experiment 1 ImageNet/Result/Mobilenetv2_Tiny_Imagenet_Pretrained_Results.csv,csv,100,Epoch;Loss;Accuracy;Precision;Recall;F1-Score,TRAINING_LOG_SUSPECTED,
Soil_Labeled_Data/soilNet_di chuyen tu o C/Experiment 1 ImageNet/Result/MobileViTV2_Tiny_Imagenet_Pretrained_Results.csv,csv,100,Epoch;Loss;Accuracy;Precision;Recall;F1-Score,TRAINING_LOG_SUSPECTED,
Soil_Labeled_Data/soilNet_di chuyen tu o C/Experiment 1 ImageNet/Result/SoilNet_pretrained_Tiny_ImageNet.xlsx,xlsx,100,Epoch;Loss;Accuracy (%);Precision (%);Recall (%);F1-Score (%),TRAINING_LOG_SUSPECTED,
Soil_Labeled_Data/soilNet_di chuyen tu o C/Experiment 2 VicReg/Results/SoilNet_orginal_20_epoch_VicReg_finetuneda.csv,csv,101,Epoch;Total_Loss;Regression_Loss;Classification_Loss;SM_0_RMSE;SM_0_MAE;SM_0_ME;SM_20_RMSE;SM_20_MAE;SM_20_ME;Classification_Accuracy;Classification_F1,TRAINING_LOG_SUSPECTED,
Soil_Labeled_Data/soilNet_di chuyen tu o C/Experiment 2 VicReg/Results/SoilNet_orginal_50_epoch_VicReg_finetuned.csv,csv,100,Epoch;Total_Loss;Regression_Loss;Classification_Loss;SM_0_RMSE;SM_0_MAE;SM_0_ME;SM_20_RMSE;SM_20_MAE;SM_20_ME;Classification_Accuracy;Classification_F1,TRAINING_LOG_SUSPECTED,
Soil_Labeled_Data/soilNet_di chuyen tu o C/Experiment 2 VicReg/Results/SoilNet_pretrained_20_epoch_VicReg_finetuned.csv,csv,100,Epoch;Total_Loss;Regression_Loss;Classification_Loss;SM_0_RMSE;SM_0_MAE;SM_0_ME;SM_20_RMSE;SM_20_MAE;SM_20_ME;Classification_Accuracy;Classification_F1,TRAINING_LOG_SUSPECTED,
Soil_Labeled_Data/soilNet_di chuyen tu o C/Experiment 2 VicReg/Results/SoilNet_pretrained_50_epoch_VicReg_finetuned.csv,csv,100,Epoch;Total_Loss;Regression_Loss;Classification_Loss;SM_0_RMSE;SM_0_MAE;SM_0_ME;SM_20_RMSE;SM_20_MAE;SM_20_ME;Classification_Accuracy;Classification_F1,TRAINING_LOG_SUSPECTED,
Soil_Labeled_Data/soilNet_di chuyen tu o C/Experiment 3 SOTA/Results/Result SOTA model.csv,csv,230,Model;Epoch;Total_Loss;Regression_Loss;Classification_Loss;SM_0_RMSE;SM_0_MAE;SM_0_ME;SM_20_RMSE;SM_20_MAE;SM_20_ME;Classification_Accuracy;Classification_F1;Time_s,TRAINING_LOG_SUSPECTED,
Soil_Labeled_Data/soilNet_di chuyen tu o C/Experiment 4 Classifier/Result/Classifier_cls_reg_features.csv,csv,6,Model;Accuracy;Precision;Recall;F1-Score;SM_0_RMSE;SM_0_MAE;SM_0_MSE;SM_20_RMSE;SM_20_MAE;SM_20_MSE,SCOPE_NOT_PROVEN,
Soil_Labeled_Data/soilNet_di chuyen tu o C/Experiment 4 Classifier/Result/Classifier_cls_reg_features_new.xlsx,xlsx,6,Model;Accuracy;Precision;Recall;F1-Score;RMSE_SM_0;MAE_SM_0;RMSE_SM_20;MAE_SM_20,SCOPE_NOT_PROVEN,
Soil_Labeled_Data/soilNet_di chuyen tu o C/Experiment 4 Classifier/Result/Classifier_concat.csv,csv,6,Model;Accuracy;Precision;Recall;F1-Score;SM_0_RMSE;SM_0_MAE;SM_0_MSE;SM_20_RMSE;SM_20_MAE;SM_20_MSE,SCOPE_NOT_PROVEN,
Soil_Labeled_Data/soilNet_di chuyen tu o C/finetune_update/training_metrics_finetuned_VicReg_mu_20.csv,csv,100,Epoch;Total_Loss;Reg_Loss;Cls_Loss;RMSE_SM0;MAE_SM0;ME_SM0;RMSE_SM20;MAE_SM20;ME_SM20;Accuracy;F1_Score;Precision;Recall,TRAINING_LOG_SUSPECTED,
Soil_Labeled_Data/soilNet_di chuyen tu o C/finetune_update/training_metrics_finetuned_VicReg_mu_23.csv,csv,100,Epoch;Total_Loss;Reg_Loss;Cls_Loss;RMSE_SM0;MAE_SM0;ME_SM0;RMSE_SM20;MAE_SM20;ME_SM20;Accuracy;F1_Score;Precision;Recall,TRAINING_LOG_SUSPECTED,
Soil_Labeled_Data/soilNet_di chuyen tu o C/finetune_update/training_metrics_finetuned_VicReg_mu_25.csv,csv,100,Epoch;Total_Loss;Reg_Loss;Cls_Loss;RMSE_SM0;MAE_SM0;ME_SM0;RMSE_SM20;MAE_SM20;ME_SM20;Accuracy;F1_Score;Precision;Recall,TRAINING_LOG_SUSPECTED,
Soil_Labeled_Data/soilNet_di chuyen tu o C/finetune_update/training_metrics_finetuned_VicReg_mu_27.csv,csv,100,Epoch;Total_Loss;Reg_Loss;Cls_Loss;RMSE_SM0;MAE_SM0;ME_SM0;RMSE_SM20;MAE_SM20;ME_SM20;Accuracy;F1_Score;Precision;Recall,TRAINING_LOG_SUSPECTED,
Soil_Labeled_Data/soilNet_di chuyen tu o C/finetune_update/training_metrics_finetuned_VicReg_mu_30.csv,csv,100,Epoch;Total_Loss;Reg_Loss;Cls_Loss;RMSE_SM0;MAE_SM0;ME_SM0;RMSE_SM20;MAE_SM20;ME_SM20;Accuracy;F1_Score;Precision;Recall,TRAINING_LOG_SUSPECTED,
Soil_Labeled_Data/soilNet_di chuyen tu o C/finetune_update/training_metrics_finetuned_VicReg_mu_33.csv,csv,100,Epoch;Total_Loss;Reg_Loss;Cls_Loss;RMSE_SM0;MAE_SM0;ME_SM0;RMSE_SM20;MAE_SM20;ME_SM20;Accuracy;F1_Score;Precision;Recall,TRAINING_LOG_SUSPECTED,
Soil_Labeled_Data/soilNet_di chuyen tu o C/finetune_update/training_metrics_finetuned_VicReg_TinyImageNet_mu_20.csv,csv,100,Epoch;Total_Loss;Reg_Loss;Cls_Loss;RMSE_SM0;MAE_SM0;ME_SM0;RMSE_SM20;MAE_SM20;ME_SM20;Accuracy;F1_Score;Precision;Recall,TRAINING_LOG_SUSPECTED,
Soil_Labeled_Data/soilNet_di chuyen tu o C/finetune_update/training_metrics_finetuned_VicReg_TinyImageNet_mu_23.csv,csv,100,Epoch;Total_Loss;Reg_Loss;Cls_Loss;RMSE_SM0;MAE_SM0;ME_SM0;RMSE_SM20;MAE_SM20;ME_SM20;Accuracy;F1_Score;Precision;Recall,TRAINING_LOG_SUSPECTED,
Soil_Labeled_Data/soilNet_di chuyen tu o C/finetune_update/training_metrics_finetuned_VicReg_TinyImageNet_mu_25.csv,csv,100,Epoch;Total_Loss;Reg_Loss;Cls_Loss;RMSE_SM0;MAE_SM0;ME_SM0;RMSE_SM20;MAE_SM20;ME_SM20;Accuracy;F1_Score;Precision;Recall,TRAINING_LOG_SUSPECTED,
Soil_Labeled_Data/soilNet_di chuyen tu o C/finetune_update/training_metrics_finetuned_VicReg_TinyImageNet_mu_27.csv,csv,100,Epoch;Total_Loss;Reg_Loss;Cls_Loss;RMSE_SM0;MAE_SM0;ME_SM0;RMSE_SM20;MAE_SM20;ME_SM20;Accuracy;F1_Score;Precision;Recall,TRAINING_LOG_SUSPECTED,
Soil_Labeled_Data/soilNet_di chuyen tu o C/finetune_update/training_metrics_finetuned_VicReg_TinyImageNet_mu_30.csv,csv,100,Epoch;Total_Loss;Reg_Loss;Cls_Loss;RMSE_SM0;MAE_SM0;ME_SM0;RMSE_SM20;MAE_SM20;ME_SM20;Accuracy;F1_Score;Precision;Recall,TRAINING_LOG_SUSPECTED,
Soil_Labeled_Data/soilNet_di chuyen tu o C/finetune_update/training_metrics_finetuned_VicReg_TinyImageNet_mu_33.csv,csv,100,Epoch;Total_Loss;Reg_Loss;Cls_Loss;RMSE_SM0;MAE_SM0;ME_SM0;RMSE_SM20;MAE_SM20;ME_SM20;Accuracy;F1_Score;Precision;Recall,TRAINING_LOG_SUSPECTED,
