duplicate_group_id,group_size,sample_id,relative_path,effective_relative_path,sha256,split
sha256:00905821ecc223e9,2,00d5f023511abaf8e676,Soil_Labeled_Data/M_30_40/L_90_100/alluvial/z5720143128222_276e4e8586100105a226ae375886a943.jpg,Soil_Labeled_Data/M_30_40/L_90_100/alluvial/z5720143128222_276e4e8586100105a226ae375886a943.jpg,00905821ecc223e991a8ae79e30a1d0e96b33018482c53840d07dd7f2a6ed88b,test
sha256:00905821ecc223e9,2,e8b0cd2c995d907fdaf3,Soil_Labeled_Data/M_50_60/L_90_100/alluvial/z5720143128222_276e4e8586100105a226ae375886a943.jpg,Soil_Labeled_Data/M_50_60/L_90_100/alluvial/z5720143128222_276e4e8586100105a226ae375886a943.jpg,00905821ecc223e991a8ae79e30a1d0e96b33018482c53840d07dd7f2a6ed88b,test
sha256:1036124b03e417fc,3,40e4859841f6461c5799,Soil_Labeled_Data/M_30_40/L_80_90/alluvial/z5720115955016_77628ff737c4b80cdf4db3cabe679c96.jpg,Soil_Labeled_Data/M_30_40/L_80_90/alluvial/z5720115955016_77628ff737c4b80cdf4db3cabe679c96.jpg,1036124b03e417fccc2b2771da3daa5a7aa4639e9c0f2094e2f620f40d734ce6,test
sha256:1036124b03e417fc,3,da91723cc11cc1e2606b,Soil_Labeled_Data/M_50_60/L_80_90/alluvial/z5720115955016_77628ff737c4b80cdf4db3cabe679c96.jpg,Soil_Labeled_Data/M_50_60/L_80_90/alluvial/z5720115955016_77628ff737c4b80cdf4db3cabe679c96.jpg,1036124b03e417fccc2b2771da3daa5a7aa4639e9c0f2094e2f620f40d734ce6,test
sha256:1036124b03e417fc,3,044b361d62eafd6848cc,Soil_Labeled_Data/M_60_70/L_80_90/alluvial/z5720115955016_77628ff737c4b80cdf4db3cabe679c96.jpg,Soil_Labeled_Data/M_60_70/L_80_90/alluvial/z5720115955016_77628ff737c4b80cdf4db3cabe679c96.jpg,1036124b03e417fccc2b2771da3daa5a7aa4639e9c0f2094e2f620f40d734ce6,test
sha256:152c3629f5e51fcd,3,0a2458593f29c4bfa00e,Soil_Labeled_Data/M_30_40/L_80_90/alluvial/z5720115982216_637e10bfdba8825575e6ddce9ee0b4db.jpg,Soil_Labeled_Data/M_30_40/L_80_90/alluvial/z5720115982216_637e10bfdba8825575e6ddce9ee0b4db.jpg,152c3629f5e51fcdd37dc597a1642fce5df05fa051ff1e636ab64591586992fa,test
sha256:152c3629f5e51fcd,3,290e8751b1e6cabf6a05,Soil_Labeled_Data/M_50_60/L_80_90/alluvial/z5720115982216_637e10bfdba8825575e6ddce9ee0b4db.jpg,Soil_Labeled_Data/M_50_60/L_80_90/alluvial/z5720115982216_637e10bfdba8825575e6ddce9ee0b4db.jpg,152c3629f5e51fcdd37dc597a1642fce5df05fa051ff1e636ab64591586992fa,test
sha256:152c3629f5e51fcd,3,7b413eb8b352bda0dea5,Soil_Labeled_Data/M_60_70/L_80_90/alluvial/z5720115982216_637e10bfdba8825575e6ddce9ee0b4db.jpg,Soil_Labeled_Data/M_60_70/L_80_90/alluvial/z5720115982216_637e10bfdba8825575e6ddce9ee0b4db.jpg,152c3629f5e51fcdd37dc597a1642fce5df05fa051ff1e636ab64591586992fa,test
sha256:18bc134226d0f029,3,473a4f4a33aebb697a01,Soil_Labeled_Data/M_30_40/L_80_90/alluvial/z5720115727413_e891a8cfc53a007f676e1bac4a0342b5.jpg,Soil_Labeled_Data/M_30_40/L_80_90/alluvial/z5720115727413_e891a8cfc53a007f676e1bac4a0342b5.jpg,18bc134226d0f0292404508331885ed7ec92dac7ad23953057102c75b475fc2a,train
sha256:18bc134226d0f029,3,2885945b220a4cba35d3,Soil_Labeled_Data/M_50_60/L_80_90/alluvial/z5720115727413_e891a8cfc53a007f676e1bac4a0342b5.jpg,Soil_Labeled_Data/M_50_60/L_80_90/alluvial/z5720115727413_e891a8cfc53a007f676e1bac4a0342b5.jpg,18bc134226d0f0292404508331885ed7ec92dac7ad23953057102c75b475fc2a,train
sha256:18bc134226d0f029,3,62c27104169ff615982f,Soil_Labeled_Data/M_60_70/L_80_90/alluvial/z5720115727413_e891a8cfc53a007f676e1bac4a0342b5.jpg,Soil_Labeled_Data/M_60_70/L_80_90/alluvial/z5720115727413_e891a8cfc53a007f676e1bac4a0342b5.jpg,18bc134226d0f0292404508331885ed7ec92dac7ad23953057102c75b475fc2a,train
sha256:18bc70fb3bbd74cd,4,7d871def2b0f592ae0ee,Soil_Labeled_Data/M_30_40/L_80_90/alluvial/z5720115765295_566dab2e381f475c4d17c1f90510d54b.jpg,Soil_Labeled_Data/M_30_40/L_80_90/alluvial/z5720115765295_566dab2e381f475c4d17c1f90510d54b.jpg,18bc70fb3bbd74cd8bf3ab88ec4e48b1aa2fdd6673a130490622719209b228e0,validation
sha256:18bc70fb3bbd74cd,4,605650cb9ddba9661922,Soil_Labeled_Data/M_40_50/L_80_90/alluvial/z5720115765295_566dab2e381f475c4d17c1f90510d54b.jpg,Soil_Labeled_Data/M_40_50/L_80_90/alluvial/z5720115765295_566dab2e381f475c4d17c1f90510d54b.jpg,18bc70fb3bbd74cd8bf3ab88ec4e48b1aa2fdd6673a130490622719209b228e0,validation
sha256:18bc70fb3bbd74cd,4,b45ddcb1a0f9311e962e,Soil_Labeled_Data/M_50_60/L_80_90/alluvial/z5720115765295_566dab2e381f475c4d17c1f90510d54b.jpg,Soil_Labeled_Data/M_50_60/L_80_90/alluvial/z5720115765295_566dab2e381f475c4d17c1f90510d54b.jpg,18bc70fb3bbd74cd8bf3ab88ec4e48b1aa2fdd6673a130490622719209b228e0,validation
sha256:18bc70fb3bbd74cd,4,00cac614ccf99e7eca7d,Soil_Labeled_Data/M_60_70/L_80_90/alluvial/z5720115765295_566dab2e381f475c4d17c1f90510d54b.jpg,Soil_Labeled_Data/M_60_70/L_80_90/alluvial/z5720115765295_566dab2e381f475c4d17c1f90510d54b.jpg,18bc70fb3bbd74cd8bf3ab88ec4e48b1aa2fdd6673a130490622719209b228e0,validation
sha256:1ce12e72af799f3e,3,a9da3f249e47b562e811,Soil_Labeled_Data/M_30_40/L_90_100/alluvial/z5720142732215_24153a5f94f1690b1290a7adb4f344d9.jpg,Soil_Labeled_Data/M_30_40/L_90_100/alluvial/z5720142732215_24153a5f94f1690b1290a7adb4f344d9.jpg,1ce12e72af799f3ef641eac772e49eaa601410979f064594ee0697444163f229,train
sha256:1ce12e72af799f3e,3,2889d30390de5b6a7dc7,Soil_Labeled_Data/M_40_50/L_90_100/alluvial/z5720142732215_24153a5f94f1690b1290a7adb4f344d9.jpg,Soil_Labeled_Data/M_40_50/L_90_100/alluvial/z5720142732215_24153a5f94f1690b1290a7adb4f344d9.jpg,1ce12e72af799f3ef641eac772e49eaa601410979f064594ee0697444163f229,train
sha256:1ce12e72af799f3e,3,b0ef2b0f21d79461cb3e,Soil_Labeled_Data/M_50_60/L_90_100/alluvial/z5720142732215_24153a5f94f1690b1290a7adb4f344d9.jpg,Soil_Labeled_Data/M_50_60/L_90_100/alluvial/z5720142732215_24153a5f94f1690b1290a7adb4f344d9.jpg,1ce12e72af799f3ef641eac772e49eaa601410979f064594ee0697444163f229,train
sha256:1d9f70a629ed7f33,2,e5922ce6cb21fe5c9243,Soil_Labeled_Data/M_30_40/L_90_100/alluvial/z5720142605939_7caf2dad0259dceaa9b82d0f49f18ce1.jpg,Soil_Labeled_Data/M_30_40/L_90_100/alluvial/z5720142605939_7caf2dad0259dceaa9b82d0f49f18ce1.jpg,1d9f70a629ed7f33b5bb9dcbf9d2edf129960e30bc7d5a1fad18323eb20bc184,test
sha256:1d9f70a629ed7f33,2,ec4fcdad3b687bec98c0,Soil_Labeled_Data/M_50_60/L_90_100/alluvial/z5720142605939_7caf2dad0259dceaa9b82d0f49f18ce1.jpg,Soil_Labeled_Data/M_50_60/L_90_100/alluvial/z5720142605939_7caf2dad0259dceaa9b82d0f49f18ce1.jpg,1d9f70a629ed7f33b5bb9dcbf9d2edf129960e30bc7d5a1fad18323eb20bc184,test
sha256:22f013a0c4a1d0d7,2,3a08df9ab58651e939a3,Soil_Labeled_Data/M_30_40/L_90_100/alluvial/z5720143103699_d6de3602e00ee02916b885433cd153ac.jpg,Soil_Labeled_Data/M_30_40/L_90_100/alluvial/z5720143103699_d6de3602e00ee02916b885433cd153ac.jpg,22f013a0c4a1d0d774875af11dd19a5943ec5cf8b4947bac016c8b4c94101565,train
sha256:22f013a0c4a1d0d7,2,d66c77242dce86e6e9a7,Soil_Labeled_Data/M_50_60/L_90_100/alluvial/z5720143103699_d6de3602e00ee02916b885433cd153ac.jpg,Soil_Labeled_Data/M_50_60/L_90_100/alluvial/z5720143103699_d6de3602e00ee02916b885433cd153ac.jpg,22f013a0c4a1d0d774875af11dd19a5943ec5cf8b4947bac016c8b4c94101565,train
sha256:26bb3fee4d57dc0f,4,d56db68a0329645c2eef,Soil_Labeled_Data/M_30_40/L_80_90/alluvial/z5720115611278_2165bd5b2e5ac713d97400eabcc65d99.jpg,Soil_Labeled_Data/M_30_40/L_80_90/alluvial/z5720115611278_2165bd5b2e5ac713d97400eabcc65d99.jpg,26bb3fee4d57dc0f3c2e373eaccb19a1a4f4b8da2c84829c5918e6d3a9e603b3,train
sha256:26bb3fee4d57dc0f,4,b38013506227b42bf16f,Soil_Labeled_Data/M_40_50/L_80_90/alluvial/z5720115611278_2165bd5b2e5ac713d97400eabcc65d99.jpg,Soil_Labeled_Data/M_40_50/L_80_90/alluvial/z5720115611278_2165bd5b2e5ac713d97400eabcc65d99.jpg,26bb3fee4d57dc0f3c2e373eaccb19a1a4f4b8da2c84829c5918e6d3a9e603b3,train
sha256:26bb3fee4d57dc0f,4,34916b894a9ad9a1c5a4,Soil_Labeled_Data/M_50_60/L_80_90/alluvial/z5720115611278_2165bd5b2e5ac713d97400eabcc65d99.jpg,Soil_Labeled_Data/M_50_60/L_80_90/alluvial/z5720115611278_2165bd5b2e5ac713d97400eabcc65d99.jpg,26bb3fee4d57dc0f3c2e373eaccb19a1a4f4b8da2c84829c5918e6d3a9e603b3,train
sha256:26bb3fee4d57dc0f,4,a3dd1a14b20acc9ba88e,Soil_Labeled_Data/M_60_70/L_80_90/alluvial/z5720115611278_2165bd5b2e5ac713d97400eabcc65d99.jpg,Soil_Labeled_Data/M_60_70/L_80_90/alluvial/z5720115611278_2165bd5b2e5ac713d97400eabcc65d99.jpg,26bb3fee4d57dc0f3c2e373eaccb19a1a4f4b8da2c84829c5918e6d3a9e603b3,train
sha256:2746273450e1a7d8,2,93d132742b6b55e9ac3d,Soil_Labeled_Data/M_10_20/L_80_90/alluvial/IMG_0757.JPG,Soil_Labeled_Data/M_10_20/L_80_90/alluvial/IMG_0757.JPG,2746273450e1a7d8101832135e632930f65ff0bfb7e569ab2f263d346d531f9b,train
sha256:2746273450e1a7d8,2,0308ea9aed59285f1583,Soil_Labeled_Data/M_10_20/L_80_90/alluvial/IMG_0758.JPG,Soil_Labeled_Data/M_10_20/L_80_90/alluvial/IMG_0758.JPG,2746273450e1a7d8101832135e632930f65ff0bfb7e569ab2f263d346d531f9b,train
sha256:28778be0bae35396,2,4390dc82b013d8bfbe57,Soil_Labeled_Data/M_30_40/L_90_100/alluvial/z5720143154446_d6236257ccb21858bbf8354df5e10a69.jpg,Soil_Labeled_Data/M_30_40/L_90_100/alluvial/z5720143154446_d6236257ccb21858bbf8354df5e10a69.jpg,28778be0bae3539683f2940129076cf100dfde68b5c5159cc728f519231fc91e,test
sha256:28778be0bae35396,2,b84800b6df810575baf3,Soil_Labeled_Data/M_50_60/L_90_100/alluvial/z5720143154446_d6236257ccb21858bbf8354df5e10a69.jpg,Soil_Labeled_Data/M_50_60/L_90_100/alluvial/z5720143154446_d6236257ccb21858bbf8354df5e10a69.jpg,28778be0bae3539683f2940129076cf100dfde68b5c5159cc728f519231fc91e,test
sha256:323a8ac7e9832d5f,2,3bea9981114ac4005224,Soil_Labeled_Data/M_30_40/L_90_100/alluvial/z5720143078801_9e7f2d067ac7542cc6f3b8a5bd731451.jpg,Soil_Labeled_Data/M_30_40/L_90_100/alluvial/z5720143078801_9e7f2d067ac7542cc6f3b8a5bd731451.jpg,323a8ac7e9832d5f0b28a04df602dc3fc509c5d0fbaf03cc9c92e70db03d6391,train
sha256:323a8ac7e9832d5f,2,4b8b2fd7093587dfecc6,Soil_Labeled_Data/M_50_60/L_90_100/alluvial/z5720143078801_9e7f2d067ac7542cc6f3b8a5bd731451.jpg,Soil_Labeled_Data/M_50_60/L_90_100/alluvial/z5720143078801_9e7f2d067ac7542cc6f3b8a5bd731451.jpg,323a8ac7e9832d5f0b28a04df602dc3fc509c5d0fbaf03cc9c92e70db03d6391,train
sha256:335f93b7096fabc3,2,98fe83ba4a875d38ffc8,Soil_Labeled_Data/M_10_20/L_80_90/alluvial/IMG_0760.JPG,Soil_Labeled_Data/M_10_20/L_80_90/alluvial/IMG_0760.JPG,335f93b7096fabc3a68114e8059a8e21ce0d591798de4cde573718489111b02b,train
sha256:335f93b7096fabc3,2,c8707575fb8da1c3391a,Soil_Labeled_Data/M_10_20/L_80_90/alluvial/IMG_0761.JPG,Soil_Labeled_Data/M_10_20/L_80_90/alluvial/IMG_0761.JPG,335f93b7096fabc3a68114e8059a8e21ce0d591798de4cde573718489111b02b,train
sha256:356b4f61f11c3f36,3,f2abc8a73901eae9ad9e,Soil_Labeled_Data/M_30_40/L_80_90/alluvial/z5720116028219_3547ed7fc4e58ca77d0a9c04ad52a29b.jpg,Soil_Labeled_Data/M_30_40/L_80_90/alluvial/z5720116028219_3547ed7fc4e58ca77d0a9c04ad52a29b.jpg,356b4f61f11c3f3639169e6ac8da9d34ad8d408c85fcafa9b03665c25a2c2d22,test
sha256:356b4f61f11c3f36,3,b50cd4d731ebc4b0bb52,Soil_Labeled_Data/M_50_60/L_80_90/alluvial/z5720116028219_3547ed7fc4e58ca77d0a9c04ad52a29b.jpg,Soil_Labeled_Data/M_50_60/L_80_90/alluvial/z5720116028219_3547ed7fc4e58ca77d0a9c04ad52a29b.jpg,356b4f61f11c3f3639169e6ac8da9d34ad8d408c85fcafa9b03665c25a2c2d22,test
sha256:356b4f61f11c3f36,3,8dcf98fa3990cc1b15db,Soil_Labeled_Data/M_60_70/L_80_90/alluvial/z5720116028219_3547ed7fc4e58ca77d0a9c04ad52a29b.jpg,Soil_Labeled_Data/M_60_70/L_80_90/alluvial/z5720116028219_3547ed7fc4e58ca77d0a9c04ad52a29b.jpg,356b4f61f11c3f3639169e6ac8da9d34ad8d408c85fcafa9b03665c25a2c2d22,test
sha256:524dd00cf9334bab,2,bf74757ce16828e09e77,Soil_Labeled_Data/M_30_40/L_90_100/alluvial/z5720143138433_5a1eba502028ab521a9ccc45f968b42d.jpg,Soil_Labeled_Data/M_30_40/L_90_100/alluvial/z5720143138433_5a1eba502028ab521a9ccc45f968b42d.jpg,524dd00cf9334bab01402f9145428779b1cb96912a8f0c138dbce8e413024df2,train
sha256:524dd00cf9334bab,2,a50c89dd085ce3fe6f27,Soil_Labeled_Data/M_50_60/L_90_100/alluvial/z5720143138433_5a1eba502028ab521a9ccc45f968b42d.jpg,Soil_Labeled_Data/M_50_60/L_90_100/alluvial/z5720143138433_5a1eba502028ab521a9ccc45f968b42d.jpg,524dd00cf9334bab01402f9145428779b1cb96912a8f0c138dbce8e413024df2,train
sha256:55f747c71cf8d43b,3,1dbecdb9be1709b0282a,Soil_Labeled_Data/M_0_10/L_30_40/alluvial/IMG_0096.JPG,Soil_Labeled_Data/M_0_10/L_30_40/alluvial/IMG_0096.JPG,55f747c71cf8d43b96b8f3014da9b1f6dca9a9c5be1fbac3617b12384bcd8350,train
sha256:55f747c71cf8d43b,3,6a47b118da32c219ada5,Soil_Labeled_Data/M_0_10/L_30_40/alluvial/IMG_0097.JPG,Soil_Labeled_Data/M_0_10/L_30_40/alluvial/IMG_0097.JPG,55f747c71cf8d43b96b8f3014da9b1f6dca9a9c5be1fbac3617b12384bcd8350,train
sha256:55f747c71cf8d43b,3,cb1d7459f8b6effeffb0,Soil_Labeled_Data/M_0_10/L_30_40/alluvial/IMG_0115.JPG,Soil_Labeled_Data/M_0_10/L_30_40/alluvial/IMG_0115.JPG,55f747c71cf8d43b96b8f3014da9b1f6dca9a9c5be1fbac3617b12384bcd8350,train
sha256:5873f29550302194,4,8646a555a465a830b281,Soil_Labeled_Data/M_30_40/L_80_90/alluvial/z5720116056023_3d3d361e4d7255ed7de4195fa640e456.jpg,Soil_Labeled_Data/M_30_40/L_80_90/alluvial/z5720116056023_3d3d361e4d7255ed7de4195fa640e456.jpg,5873f295503021948402983e0b69c19684e53795933b1f0e7413811e5fe0efb1,train
sha256:5873f29550302194,4,350b3ed85911a4c6b846,Soil_Labeled_Data/M_40_50/L_80_90/alluvial/z5720116056023_3d3d361e4d7255ed7de4195fa640e456.jpg,Soil_Labeled_Data/M_40_50/L_80_90/alluvial/z5720116056023_3d3d361e4d7255ed7de4195fa640e456.jpg,5873f295503021948402983e0b69c19684e53795933b1f0e7413811e5fe0efb1,train
sha256:5873f29550302194,4,801b31b572b461f31f88,Soil_Labeled_Data/M_50_60/L_80_90/alluvial/z5720116056023_3d3d361e4d7255ed7de4195fa640e456.jpg,Soil_Labeled_Data/M_50_60/L_80_90/alluvial/z5720116056023_3d3d361e4d7255ed7de4195fa640e456.jpg,5873f295503021948402983e0b69c19684e53795933b1f0e7413811e5fe0efb1,train
sha256:5873f29550302194,4,532d792db42125e850fb,Soil_Labeled_Data/M_60_70/L_80_90/alluvial/z5720116056023_3d3d361e4d7255ed7de4195fa640e456.jpg,Soil_Labeled_Data/M_60_70/L_80_90/alluvial/z5720116056023_3d3d361e4d7255ed7de4195fa640e456.jpg,5873f295503021948402983e0b69c19684e53795933b1f0e7413811e5fe0efb1,train
sha256:5cf7cb08c11a60bc,2,27c5fe11e0f77cf5d3ba,Soil_Labeled_Data/M_50_60/L_70_80/alluvial/IMG_0705_M_10_20_light_brown_M_30_40_light_brown.jpg,Soil_Labeled_Data/M_50_60/L_70_80/alluvial/IMG_0705_M_10_20_light_brown_M_30_40_light_brown.jpg,5cf7cb08c11a60bc59b83cc1cb413d9026009f6b151dbbaf84695108d9c113d4,validation
sha256:5cf7cb08c11a60bc,2,004206956dc021dfbb9e,Soil_Labeled_Data/M_50_60/L_70_80/alluvial/IMG_0706_M_10_20_light_brown_M_30_40_light_brown.jpg,Soil_Labeled_Data/M_50_60/L_70_80/alluvial/IMG_0706_M_10_20_light_brown_M_30_40_light_brown.jpg,5cf7cb08c11a60bc59b83cc1cb413d9026009f6b151dbbaf84695108d9c113d4,validation
sha256:5d994566c0b17998,2,8904fdbf6bb012585452,Soil_Labeled_Data/M_30_40/L_90_100/alluvial/z5720142873591_1e258c120dc7fd38c4364dc88310cf49.jpg,Soil_Labeled_Data/M_30_40/L_90_100/alluvial/z5720142873591_1e258c120dc7fd38c4364dc88310cf49.jpg,5d994566c0b179988accce70d34367cca75f3d938d184b5d7c8c9558266443ca,train
sha256:5d994566c0b17998,2,0f6f0cd07b1dfd141d3d,Soil_Labeled_Data/M_50_60/L_90_100/alluvial/z5720142873591_1e258c120dc7fd38c4364dc88310cf49.jpg,Soil_Labeled_Data/M_50_60/L_90_100/alluvial/z5720142873591_1e258c120dc7fd38c4364dc88310cf49.jpg,5d994566c0b179988accce70d34367cca75f3d938d184b5d7c8c9558266443ca,train
sha256:6dd61e46951640ce,3,b71ca4caa73acc7027e8,Soil_Labeled_Data/M_30_40/L_80_90/alluvial/z5720116009994_7473d14d835476f47632659bffa27b72.jpg,Soil_Labeled_Data/M_30_40/L_80_90/alluvial/z5720116009994_7473d14d835476f47632659bffa27b72.jpg,6dd61e46951640ce81a122981b61d8e716bfb01a13aa1ca5643228cd448c10c7,train
sha256:6dd61e46951640ce,3,4df640380f8d7d668817,Soil_Labeled_Data/M_50_60/L_80_90/alluvial/z5720116009994_7473d14d835476f47632659bffa27b72.jpg,Soil_Labeled_Data/M_50_60/L_80_90/alluvial/z5720116009994_7473d14d835476f47632659bffa27b72.jpg,6dd61e46951640ce81a122981b61d8e716bfb01a13aa1ca5643228cd448c10c7,train
sha256:6dd61e46951640ce,3,41f37999934d0120eb8d,Soil_Labeled_Data/M_60_70/L_80_90/alluvial/z5720116009994_7473d14d835476f47632659bffa27b72.jpg,Soil_Labeled_Data/M_60_70/L_80_90/alluvial/z5720116009994_7473d14d835476f47632659bffa27b72.jpg,6dd61e46951640ce81a122981b61d8e716bfb01a13aa1ca5643228cd448c10c7,train
sha256:7230e1cf8fc623e3,3,98c66d5a4ed200125a0c,Soil_Labeled_Data/M_30_40/L_80_90/alluvial/z5720116040527_64efc6d26d1ee063c31ac7c808603d38.jpg,Soil_Labeled_Data/M_30_40/L_80_90/alluvial/z5720116040527_64efc6d26d1ee063c31ac7c808603d38.jpg,7230e1cf8fc623e3ff5e052ad819fe35ff56d2740228ea685e65aeff6f9082f1,train
sha256:7230e1cf8fc623e3,3,e2709b3c0660d76f7441,Soil_Labeled_Data/M_50_60/L_80_90/alluvial/z5720116040527_64efc6d26d1ee063c31ac7c808603d38.jpg,Soil_Labeled_Data/M_50_60/L_80_90/alluvial/z5720116040527_64efc6d26d1ee063c31ac7c808603d38.jpg,7230e1cf8fc623e3ff5e052ad819fe35ff56d2740228ea685e65aeff6f9082f1,train
sha256:7230e1cf8fc623e3,3,a0eec7610029ef30c836,Soil_Labeled_Data/M_60_70/L_80_90/alluvial/z5720116040527_64efc6d26d1ee063c31ac7c808603d38.jpg,Soil_Labeled_Data/M_60_70/L_80_90/alluvial/z5720116040527_64efc6d26d1ee063c31ac7c808603d38.jpg,7230e1cf8fc623e3ff5e052ad819fe35ff56d2740228ea685e65aeff6f9082f1,train
sha256:75af854449363163,3,5399127238839d918550,Soil_Labeled_Data/M_30_40/L_80_90/alluvial/z5720115869917_a1c0c0f135fb5443e070ba2cfa3f59b5.jpg,Soil_Labeled_Data/M_30_40/L_80_90/alluvial/z5720115869917_a1c0c0f135fb5443e070ba2cfa3f59b5.jpg,75af8544493631632ecb26dbf0ebbaccebb83a95700602043d0f9d43d51d6261,train
sha256:75af854449363163,3,ec7144cf11d7268e9efb,Soil_Labeled_Data/M_50_60/L_80_90/alluvial/z5720115869917_a1c0c0f135fb5443e070ba2cfa3f59b5.jpg,Soil_Labeled_Data/M_50_60/L_80_90/alluvial/z5720115869917_a1c0c0f135fb5443e070ba2cfa3f59b5.jpg,75af8544493631632ecb26dbf0ebbaccebb83a95700602043d0f9d43d51d6261,train
sha256:75af854449363163,3,5a2037c36dfb748735e9,Soil_Labeled_Data/M_60_70/L_80_90/alluvial/z5720115869917_a1c0c0f135fb5443e070ba2cfa3f59b5.jpg,Soil_Labeled_Data/M_60_70/L_80_90/alluvial/z5720115869917_a1c0c0f135fb5443e070ba2cfa3f59b5.jpg,75af8544493631632ecb26dbf0ebbaccebb83a95700602043d0f9d43d51d6261,train
sha256:7c27eb594e080bb4,4,2a70b57ccb3201e1aad8,Soil_Labeled_Data/M_10_20/L_90_100/alluvial/IMG_0794.JPG,Soil_Labeled_Data/M_10_20/L_90_100/alluvial/IMG_0794.JPG,7c27eb594e080bb4138985853876a1ec96149a2328ca41c77d8d16a7120c46b6,train
sha256:7c27eb594e080bb4,4,239b1284f6967ca93367,Soil_Labeled_Data/M_10_20/L_90_100/alluvial/IMG_0795.JPG,Soil_Labeled_Data/M_10_20/L_90_100/alluvial/IMG_0795.JPG,7c27eb594e080bb4138985853876a1ec96149a2328ca41c77d8d16a7120c46b6,train
sha256:7c27eb594e080bb4,4,96446b279c51e8b6689e,Soil_Labeled_Data/M_10_20/L_90_100/alluvial/IMG_0797.JPG,Soil_Labeled_Data/M_10_20/L_90_100/alluvial/IMG_0797.JPG,7c27eb594e080bb4138985853876a1ec96149a2328ca41c77d8d16a7120c46b6,train
sha256:7c27eb594e080bb4,4,df3b97bcb6afc10f523c,Soil_Labeled_Data/M_10_20/L_90_100/alluvial/IMG_0798.JPG,Soil_Labeled_Data/M_10_20/L_90_100/alluvial/IMG_0798.JPG,7c27eb594e080bb4138985853876a1ec96149a2328ca41c77d8d16a7120c46b6,train
sha256:8135a92cf1b73d22,3,948cbb9c21364e36636e,Soil_Labeled_Data/M_30_40/L_80_90/alluvial/z5720115908066_d971dc1911998ed5477394adeada3648.jpg,Soil_Labeled_Data/M_30_40/L_80_90/alluvial/z5720115908066_d971dc1911998ed5477394adeada3648.jpg,8135a92cf1b73d22b6e345d3c2b34d93ef0ec1487efe4fb4b193d73d326db557,train
sha256:8135a92cf1b73d22,3,83afc351ef548f041dd0,Soil_Labeled_Data/M_50_60/L_80_90/alluvial/z5720115908066_d971dc1911998ed5477394adeada3648.jpg,Soil_Labeled_Data/M_50_60/L_80_90/alluvial/z5720115908066_d971dc1911998ed5477394adeada3648.jpg,8135a92cf1b73d22b6e345d3c2b34d93ef0ec1487efe4fb4b193d73d326db557,train
sha256:8135a92cf1b73d22,3,7a56d64b2d566aa9695e,Soil_Labeled_Data/M_60_70/L_80_90/alluvial/z5720115908066_d971dc1911998ed5477394adeada3648.jpg,Soil_Labeled_Data/M_60_70/L_80_90/alluvial/z5720115908066_d971dc1911998ed5477394adeada3648.jpg,8135a92cf1b73d22b6e345d3c2b34d93ef0ec1487efe4fb4b193d73d326db557,train
sha256:829953a83bc8f13d,3,a7de86662a6d2c478719,Soil_Labeled_Data/M_10_20/L_90_100/alluvial/IMG_0792.JPG,Soil_Labeled_Data/M_10_20/L_90_100/alluvial/IMG_0792.JPG,829953a83bc8f13d820098f719201103c7c52f6ee2e2dea7a03ec9a92c382984,test
sha256:829953a83bc8f13d,3,92655a2a9f7aca7a641b,Soil_Labeled_Data/M_10_20/L_90_100/alluvial/IMG_0793.JPG,Soil_Labeled_Data/M_10_20/L_90_100/alluvial/IMG_0793.JPG,829953a83bc8f13d820098f719201103c7c52f6ee2e2dea7a03ec9a92c382984,test
sha256:829953a83bc8f13d,3,58cec573a41504f38dd7,Soil_Labeled_Data/M_10_20/L_90_100/alluvial/IMG_0796.JPG,Soil_Labeled_Data/M_10_20/L_90_100/alluvial/IMG_0796.JPG,829953a83bc8f13d820098f719201103c7c52f6ee2e2dea7a03ec9a92c382984,test
sha256:85901716749fa7f5,3,0bc37eda3a1f9f7279f2,Soil_Labeled_Data/M_30_40/L_90_100/alluvial/z5720142667793_1b68b578374e456dec54d6a7942a78c6.jpg,Soil_Labeled_Data/M_30_40/L_90_100/alluvial/z5720142667793_1b68b578374e456dec54d6a7942a78c6.jpg,85901716749fa7f57af05ad4b6a317f26c6e420ba47d3b76e87ff45ecdfcd54d,train
sha256:85901716749fa7f5,3,b51b5b44fc6870f6d578,Soil_Labeled_Data/M_40_50/L_90_100/alluvial/z5720142667793_1b68b578374e456dec54d6a7942a78c6.jpg,Soil_Labeled_Data/M_40_50/L_90_100/alluvial/z5720142667793_1b68b578374e456dec54d6a7942a78c6.jpg,85901716749fa7f57af05ad4b6a317f26c6e420ba47d3b76e87ff45ecdfcd54d,train
sha256:85901716749fa7f5,3,5806def9692b7eff87df,Soil_Labeled_Data/M_50_60/L_90_100/alluvial/z5720142667793_1b68b578374e456dec54d6a7942a78c6.jpg,Soil_Labeled_Data/M_50_60/L_90_100/alluvial/z5720142667793_1b68b578374e456dec54d6a7942a78c6.jpg,85901716749fa7f57af05ad4b6a317f26c6e420ba47d3b76e87ff45ecdfcd54d,train
sha256:94810c6b3fdfa00d,2,967ff7012e4ac03f413f,Soil_Labeled_Data/M_30_40/L_90_100/alluvial/z5720143012313_856304851294ecc8b5397b9311a48d88.jpg,Soil_Labeled_Data/M_30_40/L_90_100/alluvial/z5720143012313_856304851294ecc8b5397b9311a48d88.jpg,94810c6b3fdfa00d052e30ee95c826701f36d5f4d5e9255127c10e702b24802f,test
sha256:94810c6b3fdfa00d,2,5c75b54d520bda715cd1,Soil_Labeled_Data/M_50_60/L_90_100/alluvial/z5720143012313_856304851294ecc8b5397b9311a48d88.jpg,Soil_Labeled_Data/M_50_60/L_90_100/alluvial/z5720143012313_856304851294ecc8b5397b9311a48d88.jpg,94810c6b3fdfa00d052e30ee95c826701f36d5f4d5e9255127c10e702b24802f,test
sha256:9650caa2b1d13f95,2,c8faee8fb0285caf4888,Soil_Labeled_Data/M_30_40/L_90_100/alluvial/z5720143191868_a2e1d248c34ba593baf30b4defe0d1dd.jpg,Soil_Labeled_Data/M_30_40/L_90_100/alluvial/z5720143191868_a2e1d248c34ba593baf30b4defe0d1dd.jpg,9650caa2b1d13f950242ad63651c99f623a0fd736adc8468372e2f4148af1032,train
sha256:9650caa2b1d13f95,2,680b31f6585af7088c07,Soil_Labeled_Data/M_50_60/L_90_100/alluvial/z5720143191868_a2e1d248c34ba593baf30b4defe0d1dd.jpg,Soil_Labeled_Data/M_50_60/L_90_100/alluvial/z5720143191868_a2e1d248c34ba593baf30b4defe0d1dd.jpg,9650caa2b1d13f950242ad63651c99f623a0fd736adc8468372e2f4148af1032,train
sha256:9905aa20c91ef10e,3,c8b7c04fd443f160cc9b,Soil_Labeled_Data/M_30_40/L_90_100/alluvial/z5720143165808_c048ad1ab07ddbb36a302d65772e88c8.jpg,Soil_Labeled_Data/M_30_40/L_90_100/alluvial/z5720143165808_c048ad1ab07ddbb36a302d65772e88c8.jpg,9905aa20c91ef10e1318eef77539884be05c4c10b902e962b74c76325f6724c8,validation
sha256:9905aa20c91ef10e,3,0d7bdeb3138e8f4fb591,Soil_Labeled_Data/M_40_50/L_90_100/alluvial/z5720143165808_c048ad1ab07ddbb36a302d65772e88c8.jpg,Soil_Labeled_Data/M_40_50/L_90_100/alluvial/z5720143165808_c048ad1ab07ddbb36a302d65772e88c8.jpg,9905aa20c91ef10e1318eef77539884be05c4c10b902e962b74c76325f6724c8,validation
sha256:9905aa20c91ef10e,3,e2dcaba025409f3004e6,Soil_Labeled_Data/M_50_60/L_90_100/alluvial/z5720143165808_c048ad1ab07ddbb36a302d65772e88c8.jpg,Soil_Labeled_Data/M_50_60/L_90_100/alluvial/z5720143165808_c048ad1ab07ddbb36a302d65772e88c8.jpg,9905aa20c91ef10e1318eef77539884be05c4c10b902e962b74c76325f6724c8,validation
sha256:9a626aede8c742d3,3,37b10fe38ef3245b0c3d,Soil_Labeled_Data/M_30_40/L_80_90/alluvial/z5720115800429_ff01c46a0bb2fd04a0bcfaa21477768c.jpg,Soil_Labeled_Data/M_30_40/L_80_90/alluvial/z5720115800429_ff01c46a0bb2fd04a0bcfaa21477768c.jpg,9a626aede8c742d3909a22277e5a046d567ff352bc7d86b1afa44be176987d0f,test
sha256:9a626aede8c742d3,3,78fb1b4ac2001158583b,Soil_Labeled_Data/M_50_60/L_80_90/alluvial/z5720115800429_ff01c46a0bb2fd04a0bcfaa21477768c.jpg,Soil_Labeled_Data/M_50_60/L_80_90/alluvial/z5720115800429_ff01c46a0bb2fd04a0bcfaa21477768c.jpg,9a626aede8c742d3909a22277e5a046d567ff352bc7d86b1afa44be176987d0f,test
sha256:9a626aede8c742d3,3,f3e98c79441983bb4324,Soil_Labeled_Data/M_60_70/L_80_90/alluvial/z5720115800429_ff01c46a0bb2fd04a0bcfaa21477768c.jpg,Soil_Labeled_Data/M_60_70/L_80_90/alluvial/z5720115800429_ff01c46a0bb2fd04a0bcfaa21477768c.jpg,9a626aede8c742d3909a22277e5a046d567ff352bc7d86b1afa44be176987d0f,test
sha256:a1d2f3dcbdb6deac,2,a558ac5f3bb9b35369ee,Soil_Labeled_Data/M_30_40/L_90_100/alluvial/z5720143115861_efed4878483a1f7e23629c7386a6d09d.jpg,Soil_Labeled_Data/M_30_40/L_90_100/alluvial/z5720143115861_efed4878483a1f7e23629c7386a6d09d.jpg,a1d2f3dcbdb6deac51cc360ad72c91414c27231fa74aed3ec9a80915a864b819,test
sha256:a1d2f3dcbdb6deac,2,7940075ef00f6fb6e99a,Soil_Labeled_Data/M_50_60/L_90_100/alluvial/z5720143115861_efed4878483a1f7e23629c7386a6d09d.jpg,Soil_Labeled_Data/M_50_60/L_90_100/alluvial/z5720143115861_efed4878483a1f7e23629c7386a6d09d.jpg,a1d2f3dcbdb6deac51cc360ad72c91414c27231fa74aed3ec9a80915a864b819,test
sha256:ad01962ff96b59c7,3,d548a2e31f798220120b,Soil_Labeled_Data/M_30_40/L_90_100/alluvial/z5720143090213_a08a9f5a97cdc656748cb7fa75edf338.jpg,Soil_Labeled_Data/M_30_40/L_90_100/alluvial/z5720143090213_a08a9f5a97cdc656748cb7fa75edf338.jpg,ad01962ff96b59c7f2e01deccfcfb26565289a1874d4cb18321c4c670dac82f3,validation
sha256:ad01962ff96b59c7,3,c9d19a6677d7aa1165e3,Soil_Labeled_Data/M_40_50/L_90_100/alluvial/z5720143090213_a08a9f5a97cdc656748cb7fa75edf338.jpg,Soil_Labeled_Data/M_40_50/L_90_100/alluvial/z5720143090213_a08a9f5a97cdc656748cb7fa75edf338.jpg,ad01962ff96b59c7f2e01deccfcfb26565289a1874d4cb18321c4c670dac82f3,validation
sha256:ad01962ff96b59c7,3,1619b4ddca06207375ef,Soil_Labeled_Data/M_50_60/L_90_100/alluvial/z5720143090213_a08a9f5a97cdc656748cb7fa75edf338.jpg,Soil_Labeled_Data/M_50_60/L_90_100/alluvial/z5720143090213_a08a9f5a97cdc656748cb7fa75edf338.jpg,ad01962ff96b59c7f2e01deccfcfb26565289a1874d4cb18321c4c670dac82f3,validation
sha256:ade40a65a23d3063,3,2110bdaa4c861acb2b14,Soil_Labeled_Data/M_30_40/L_90_100/alluvial/z5720143180627_8991003c4168f68248331f4ae3cb75d1.jpg,Soil_Labeled_Data/M_30_40/L_90_100/alluvial/z5720143180627_8991003c4168f68248331f4ae3cb75d1.jpg,ade40a65a23d306319ba2fadfc9c4d5eeaf049ca4046bd5fc41ea69a2e373fa9,train
sha256:ade40a65a23d3063,3,d8dc21d0481fe80893b1,Soil_Labeled_Data/M_40_50/L_90_100/alluvial/z5720143180627_8991003c4168f68248331f4ae3cb75d1.jpg,Soil_Labeled_Data/M_40_50/L_90_100/alluvial/z5720143180627_8991003c4168f68248331f4ae3cb75d1.jpg,ade40a65a23d306319ba2fadfc9c4d5eeaf049ca4046bd5fc41ea69a2e373fa9,train
sha256:ade40a65a23d3063,3,467e679fd7981577620c,Soil_Labeled_Data/M_50_60/L_90_100/alluvial/z5720143180627_8991003c4168f68248331f4ae3cb75d1.jpg,Soil_Labeled_Data/M_50_60/L_90_100/alluvial/z5720143180627_8991003c4168f68248331f4ae3cb75d1.jpg,ade40a65a23d306319ba2fadfc9c4d5eeaf049ca4046bd5fc41ea69a2e373fa9,train
sha256:af54ceee1e6ea7ef,3,7d74920e75c420fd82ac,Soil_Labeled_Data/M_30_40/L_80_90/alluvial/z5720115833149_ed8419086eec88fa81ae29e84dd8ee29.jpg,Soil_Labeled_Data/M_30_40/L_80_90/alluvial/z5720115833149_ed8419086eec88fa81ae29e84dd8ee29.jpg,af54ceee1e6ea7ef7a866eb66ec5f0714bf947da83ee39e15e5e8cab789a92e8,train
sha256:af54ceee1e6ea7ef,3,9a5e988d05401c6bb634,Soil_Labeled_Data/M_50_60/L_80_90/alluvial/z5720115833149_ed8419086eec88fa81ae29e84dd8ee29.jpg,Soil_Labeled_Data/M_50_60/L_80_90/alluvial/z5720115833149_ed8419086eec88fa81ae29e84dd8ee29.jpg,af54ceee1e6ea7ef7a866eb66ec5f0714bf947da83ee39e15e5e8cab789a92e8,train
sha256:af54ceee1e6ea7ef,3,1fa543af29f836ba939d,Soil_Labeled_Data/M_60_70/L_80_90/alluvial/z5720115833149_ed8419086eec88fa81ae29e84dd8ee29.jpg,Soil_Labeled_Data/M_60_70/L_80_90/alluvial/z5720115833149_ed8419086eec88fa81ae29e84dd8ee29.jpg,af54ceee1e6ea7ef7a866eb66ec5f0714bf947da83ee39e15e5e8cab789a92e8,train
sha256:b2d381061e86750c,3,e27227412855f6a4f9de,Soil_Labeled_Data/M_10_20/L_70_80/alluvial/IMG_0702.JPG,Soil_Labeled_Data/M_10_20/L_70_80/alluvial/IMG_0702.JPG,b2d381061e86750c596ea90c359ce7104609d9708781c75c65ed9c99f3190381,validation
sha256:b2d381061e86750c,3,345748309ec170eaa67a,Soil_Labeled_Data/M_10_20/L_70_80/alluvial/IMG_0705.JPG,Soil_Labeled_Data/M_10_20/L_70_80/alluvial/IMG_0705.JPG,b2d381061e86750c596ea90c359ce7104609d9708781c75c65ed9c99f3190381,validation
sha256:b2d381061e86750c,3,6d4e6ee82a1c87426cb3,Soil_Labeled_Data/M_10_20/L_70_80/alluvial/IMG_0706.JPG,Soil_Labeled_Data/M_10_20/L_70_80/alluvial/IMG_0706.JPG,b2d381061e86750c596ea90c359ce7104609d9708781c75c65ed9c99f3190381,validation
sha256:b31a63d28142efd5,4,eb498ebfeb5f7a938612,Soil_Labeled_Data/M_30_40/L_80_90/alluvial/z5720115942754_8be2331cdea2f08eaa20a4d16f47702e.jpg,Soil_Labeled_Data/M_30_40/L_80_90/alluvial/z5720115942754_8be2331cdea2f08eaa20a4d16f47702e.jpg,b31a63d28142efd56024bd0e38ee4b1118ecaf2eca2f4cb0c721d8c954f5bcb9,train
sha256:b31a63d28142efd5,4,4a665346df06d3fb7205,Soil_Labeled_Data/M_40_50/L_80_90/alluvial/z5720115942754_8be2331cdea2f08eaa20a4d16f47702e.jpg,Soil_Labeled_Data/M_40_50/L_80_90/alluvial/z5720115942754_8be2331cdea2f08eaa20a4d16f47702e.jpg,b31a63d28142efd56024bd0e38ee4b1118ecaf2eca2f4cb0c721d8c954f5bcb9,train
sha256:b31a63d28142efd5,4,24fb23db17c1c696afa6,Soil_Labeled_Data/M_50_60/L_80_90/alluvial/z5720115942754_8be2331cdea2f08eaa20a4d16f47702e.jpg,Soil_Labeled_Data/M_50_60/L_80_90/alluvial/z5720115942754_8be2331cdea2f08eaa20a4d16f47702e.jpg,b31a63d28142efd56024bd0e38ee4b1118ecaf2eca2f4cb0c721d8c954f5bcb9,train
sha256:b31a63d28142efd5,4,6f3e63bc1d07f3a2167c,Soil_Labeled_Data/M_60_70/L_80_90/alluvial/z5720115942754_8be2331cdea2f08eaa20a4d16f47702e.jpg,Soil_Labeled_Data/M_60_70/L_80_90/alluvial/z5720115942754_8be2331cdea2f08eaa20a4d16f47702e.jpg,b31a63d28142efd56024bd0e38ee4b1118ecaf2eca2f4cb0c721d8c954f5bcb9,train
sha256:c7569787e7431004,3,522f4dc6b54162929fdf,Soil_Labeled_Data/M_30_40/L_80_90/alluvial/z5720115653272_3de34aa127a04a50ac17b19f6c26e982.jpg,Soil_Labeled_Data/M_30_40/L_80_90/alluvial/z5720115653272_3de34aa127a04a50ac17b19f6c26e982.jpg,c7569787e74310048696c82571cedd2cb89e66b961605a3059711b281284b503,test
sha256:c7569787e7431004,3,d5f1ca4f6698101eadd6,Soil_Labeled_Data/M_50_60/L_80_90/alluvial/z5720115653272_3de34aa127a04a50ac17b19f6c26e982.jpg,Soil_Labeled_Data/M_50_60/L_80_90/alluvial/z5720115653272_3de34aa127a04a50ac17b19f6c26e982.jpg,c7569787e74310048696c82571cedd2cb89e66b961605a3059711b281284b503,test
sha256:c7569787e7431004,3,26fd7b73161c46436846,Soil_Labeled_Data/M_60_70/L_80_90/alluvial/z5720115653272_3de34aa127a04a50ac17b19f6c26e982.jpg,Soil_Labeled_Data/M_60_70/L_80_90/alluvial/z5720115653272_3de34aa127a04a50ac17b19f6c26e982.jpg,c7569787e74310048696c82571cedd2cb89e66b961605a3059711b281284b503,test
sha256:ca85bf8ff5a35539,2,4cbcebd06995963b1d0b,Soil_Labeled_Data/M_30_40/L_90_100/alluvial/z5720142944680_d4f5166a1f72d6cb4ddfe9316119b767.jpg,Soil_Labeled_Data/M_30_40/L_90_100/alluvial/z5720142944680_d4f5166a1f72d6cb4ddfe9316119b767.jpg,ca85bf8ff5a35539fefbb847acbe12f7f32ecbe248c145a844b511e7bc339c0a,train
sha256:ca85bf8ff5a35539,2,d5a806e97c50b967d5ed,Soil_Labeled_Data/M_50_60/L_90_100/alluvial/z5720142944680_d4f5166a1f72d6cb4ddfe9316119b767.jpg,Soil_Labeled_Data/M_50_60/L_90_100/alluvial/z5720142944680_d4f5166a1f72d6cb4ddfe9316119b767.jpg,ca85bf8ff5a35539fefbb847acbe12f7f32ecbe248c145a844b511e7bc339c0a,train
sha256:cbcffdd73df06e0b,2,5a341cd1b592f07b47e6,Soil_Labeled_Data/M_30_40/L_90_100/alluvial/z5720142535965_7f8fdeed5b9f25c4800540f4c7109134.jpg,Soil_Labeled_Data/M_30_40/L_90_100/alluvial/z5720142535965_7f8fdeed5b9f25c4800540f4c7109134.jpg,cbcffdd73df06e0b072756c13f9f0563e8072b9b0b5a5f3023123493706fc4bd,train
sha256:cbcffdd73df06e0b,2,4e944eb63f277f836438,Soil_Labeled_Data/M_50_60/L_90_100/alluvial/z5720142535965_7f8fdeed5b9f25c4800540f4c7109134.jpg,Soil_Labeled_Data/M_50_60/L_90_100/alluvial/z5720142535965_7f8fdeed5b9f25c4800540f4c7109134.jpg,cbcffdd73df06e0b072756c13f9f0563e8072b9b0b5a5f3023123493706fc4bd,train
sha256:d27c8f193d45dc32,4,ee5f037344150d793037,Soil_Labeled_Data/M_30_40/L_80_90/alluvial/z5720116085194_b4c6d844bda5f6a7533e048925576cdd.jpg,Soil_Labeled_Data/M_30_40/L_80_90/alluvial/z5720116085194_b4c6d844bda5f6a7533e048925576cdd.jpg,d27c8f193d45dc320ed6bfa0639a1374901b85f74b60878fbb42dd02333cc0a0,train
sha256:d27c8f193d45dc32,4,485fdb9d28b76ff61729,Soil_Labeled_Data/M_40_50/L_80_90/alluvial/z5720116085194_b4c6d844bda5f6a7533e048925576cdd.jpg,Soil_Labeled_Data/M_40_50/L_80_90/alluvial/z5720116085194_b4c6d844bda5f6a7533e048925576cdd.jpg,d27c8f193d45dc320ed6bfa0639a1374901b85f74b60878fbb42dd02333cc0a0,train
sha256:d27c8f193d45dc32,4,b4f05c22fbe7dab51e15,Soil_Labeled_Data/M_50_60/L_80_90/alluvial/z5720116085194_b4c6d844bda5f6a7533e048925576cdd.jpg,Soil_Labeled_Data/M_50_60/L_80_90/alluvial/z5720116085194_b4c6d844bda5f6a7533e048925576cdd.jpg,d27c8f193d45dc320ed6bfa0639a1374901b85f74b60878fbb42dd02333cc0a0,train
sha256:d27c8f193d45dc32,4,ea70868f5346415b7226,Soil_Labeled_Data/M_60_70/L_80_90/alluvial/z5720116085194_b4c6d844bda5f6a7533e048925576cdd.jpg,Soil_Labeled_Data/M_60_70/L_80_90/alluvial/z5720116085194_b4c6d844bda5f6a7533e048925576cdd.jpg,d27c8f193d45dc320ed6bfa0639a1374901b85f74b60878fbb42dd02333cc0a0,train
sha256:d2d846cd4e716f73,3,17326f97c235bfba4264,Soil_Labeled_Data/M_30_40/L_80_90/alluvial/z5720115969160_90e7c8fe51469c6537b93b0b5051f46d.jpg,Soil_Labeled_Data/M_30_40/L_80_90/alluvial/z5720115969160_90e7c8fe51469c6537b93b0b5051f46d.jpg,d2d846cd4e716f7399ac6b2fe8d1b99b43285e9b37aad353e7b55b7f2ba4a9b0,train
sha256:d2d846cd4e716f73,3,a006a8ab8d62d6c421d6,Soil_Labeled_Data/M_50_60/L_80_90/alluvial/z5720115969160_90e7c8fe51469c6537b93b0b5051f46d.jpg,Soil_Labeled_Data/M_50_60/L_80_90/alluvial/z5720115969160_90e7c8fe51469c6537b93b0b5051f46d.jpg,d2d846cd4e716f7399ac6b2fe8d1b99b43285e9b37aad353e7b55b7f2ba4a9b0,train
sha256:d2d846cd4e716f73,3,9d3d89498f757e2dd92f,Soil_Labeled_Data/M_60_70/L_80_90/alluvial/z5720115969160_90e7c8fe51469c6537b93b0b5051f46d.jpg,Soil_Labeled_Data/M_60_70/L_80_90/alluvial/z5720115969160_90e7c8fe51469c6537b93b0b5051f46d.jpg,d2d846cd4e716f7399ac6b2fe8d1b99b43285e9b37aad353e7b55b7f2ba4a9b0,train
sha256:da67778185dbfeb3,4,dc2f7322d17c965d4f37,Soil_Labeled_Data/M_30_40/L_80_90/alluvial/z5720115687004_c7046b6ed304fe8ccbb693c1af288980.jpg,Soil_Labeled_Data/M_30_40/L_80_90/alluvial/z5720115687004_c7046b6ed304fe8ccbb693c1af288980.jpg,da67778185dbfeb35e18acd99a4b43850e693e80c558855b36f342b4d4360d30,train
sha256:da67778185dbfeb3,4,0a589880d0b0ee979213,Soil_Labeled_Data/M_40_50/L_80_90/alluvial/z5720115687004_c7046b6ed304fe8ccbb693c1af288980.jpg,Soil_Labeled_Data/M_40_50/L_80_90/alluvial/z5720115687004_c7046b6ed304fe8ccbb693c1af288980.jpg,da67778185dbfeb35e18acd99a4b43850e693e80c558855b36f342b4d4360d30,train
sha256:da67778185dbfeb3,4,d3ca936e6a4c637cefe3,Soil_Labeled_Data/M_50_60/L_80_90/alluvial/z5720115687004_c7046b6ed304fe8ccbb693c1af288980.jpg,Soil_Labeled_Data/M_50_60/L_80_90/alluvial/z5720115687004_c7046b6ed304fe8ccbb693c1af288980.jpg,da67778185dbfeb35e18acd99a4b43850e693e80c558855b36f342b4d4360d30,train
sha256:da67778185dbfeb3,4,1735377141e132151314,Soil_Labeled_Data/M_60_70/L_80_90/alluvial/z5720115687004_c7046b6ed304fe8ccbb693c1af288980.jpg,Soil_Labeled_Data/M_60_70/L_80_90/alluvial/z5720115687004_c7046b6ed304fe8ccbb693c1af288980.jpg,da67778185dbfeb35e18acd99a4b43850e693e80c558855b36f342b4d4360d30,train
sha256:e71702166efad6b7,2,11ef52f24adbf37dcfe0,Soil_Labeled_Data/M_10_20/L_80_90/alluvial/IMG_0751.JPG,Soil_Labeled_Data/M_10_20/L_80_90/alluvial/IMG_0751.JPG,e71702166efad6b72f962a665ebf221f6f5a689ab58d63bea2d33f3b5bea0a06,train
sha256:e71702166efad6b7,2,f5c220da2afe85bd166b,Soil_Labeled_Data/M_10_20/L_80_90/alluvial/IMG_0752.JPG,Soil_Labeled_Data/M_10_20/L_80_90/alluvial/IMG_0752.JPG,e71702166efad6b72f962a665ebf221f6f5a689ab58d63bea2d33f3b5bea0a06,train
sha256:e7d94a42af104da7,3,e44f9cc03f7f33c1e7f4,Soil_Labeled_Data/M_30_40/L_80_90/alluvial/z5720116069849_bcc6949c92dd61a3b67028202e4c3c2a.jpg,Soil_Labeled_Data/M_30_40/L_80_90/alluvial/z5720116069849_bcc6949c92dd61a3b67028202e4c3c2a.jpg,e7d94a42af104da7bdf576e1af439aa873e09e789ad3de009fe5f51e79b02b3f,train
sha256:e7d94a42af104da7,3,ae5f1b5fa493968282ff,Soil_Labeled_Data/M_50_60/L_80_90/alluvial/z5720116069849_bcc6949c92dd61a3b67028202e4c3c2a.jpg,Soil_Labeled_Data/M_50_60/L_80_90/alluvial/z5720116069849_bcc6949c92dd61a3b67028202e4c3c2a.jpg,e7d94a42af104da7bdf576e1af439aa873e09e789ad3de009fe5f51e79b02b3f,train
sha256:e7d94a42af104da7,3,9206eab7435ff06a712b,Soil_Labeled_Data/M_60_70/L_80_90/alluvial/z5720116069849_bcc6949c92dd61a3b67028202e4c3c2a.jpg,Soil_Labeled_Data/M_60_70/L_80_90/alluvial/z5720116069849_bcc6949c92dd61a3b67028202e4c3c2a.jpg,e7d94a42af104da7bdf576e1af439aa873e09e789ad3de009fe5f51e79b02b3f,train
sha256:f6f490aa8c06c3f3,3,ea620fad2572c87eb336,Soil_Labeled_Data/M_30_40/L_90_100/alluvial/z5720142803519_7e7073968e86e15707d41ef2d1f8a1cb.jpg,Soil_Labeled_Data/M_30_40/L_90_100/alluvial/z5720142803519_7e7073968e86e15707d41ef2d1f8a1cb.jpg,f6f490aa8c06c3f394c6af6b860648034089de50325cbb7a66c6e52da0ace352,validation
sha256:f6f490aa8c06c3f3,3,f8ddbb74af8c1be93fc2,Soil_Labeled_Data/M_40_50/L_90_100/alluvial/z5720142803519_7e7073968e86e15707d41ef2d1f8a1cb.jpg,Soil_Labeled_Data/M_40_50/L_90_100/alluvial/z5720142803519_7e7073968e86e15707d41ef2d1f8a1cb.jpg,f6f490aa8c06c3f394c6af6b860648034089de50325cbb7a66c6e52da0ace352,validation
sha256:f6f490aa8c06c3f3,3,d12ab2bb1b4cb5c3ff57,Soil_Labeled_Data/M_50_60/L_90_100/alluvial/z5720142803519_7e7073968e86e15707d41ef2d1f8a1cb.jpg,Soil_Labeled_Data/M_50_60/L_90_100/alluvial/z5720142803519_7e7073968e86e15707d41ef2d1f8a1cb.jpg,f6f490aa8c06c3f394c6af6b860648034089de50325cbb7a66c6e52da0ace352,validation
sha256:f78a84e7b2a6e850,4,bf5347894784387faaf4,Soil_Labeled_Data/M_30_40/L_80_90/alluvial/z5720115994271_6ee046f5429b540fab54644ee387967d.jpg,Soil_Labeled_Data/M_30_40/L_80_90/alluvial/z5720115994271_6ee046f5429b540fab54644ee387967d.jpg,f78a84e7b2a6e850c20e699b6715e85009c356da4b0001f92227be59ff662b36,train
sha256:f78a84e7b2a6e850,4,61cadbb7ab6f98654808,Soil_Labeled_Data/M_40_50/L_80_90/alluvial/z5720115994271_6ee046f5429b540fab54644ee387967d.jpg,Soil_Labeled_Data/M_40_50/L_80_90/alluvial/z5720115994271_6ee046f5429b540fab54644ee387967d.jpg,f78a84e7b2a6e850c20e699b6715e85009c356da4b0001f92227be59ff662b36,train
sha256:f78a84e7b2a6e850,4,a7cd032687a48bf511e8,Soil_Labeled_Data/M_50_60/L_80_90/alluvial/z5720115994271_6ee046f5429b540fab54644ee387967d.jpg,Soil_Labeled_Data/M_50_60/L_80_90/alluvial/z5720115994271_6ee046f5429b540fab54644ee387967d.jpg,f78a84e7b2a6e850c20e699b6715e85009c356da4b0001f92227be59ff662b36,train
sha256:f78a84e7b2a6e850,4,86973bf50510b1a8d8f5,Soil_Labeled_Data/M_60_70/L_80_90/alluvial/z5720115994271_6ee046f5429b540fab54644ee387967d.jpg,Soil_Labeled_Data/M_60_70/L_80_90/alluvial/z5720115994271_6ee046f5429b540fab54644ee387967d.jpg,f78a84e7b2a6e850c20e699b6715e85009c356da4b0001f92227be59ff662b36,train
