relative_path,file_type,size_bytes,sha256,git_commit,suspected_experiment,notes
Base_line_models_pretrain_ImageNet.py,py,5752,a0e0226f000493c10e05a89b5789e9a37957b7d82195f6f7d4dbc36b20cf34a3,312c0a44605de87d31b6c52627cd91b07a4d1f75,PRETRAIN_TINYIMAGENET,Pinned legacy artifact; unmodified.
Best_finetuned_VicReg_mu_25.pth,pth,16208612,04ef87796b709daea2ab7b5f728db015e0d09db8105eb3d3b06e3e451105bbd6,312c0a44605de87d31b6c52627cd91b07a4d1f75,FINETUNE_ORIGINAL_MU25,Pinned legacy artifact; unmodified.
checkpoints_Vicreg_original_NEW/vicreg_metrics_original_soilnet_mu_23.csv,csv,2225,8c7200f8e4846d61dd209cdbab364fc86a9e646e174a390293a7a718e16120b8,312c0a44605de87d31b6c52627cd91b07a4d1f75,SSL_ORIGINAL_MU23,Pinned legacy artifact; unmodified.
checkpoints_Vicreg_original_NEW/vicreg_metrics_original_soilnet_mu_25.csv,csv,2223,5f0d5c15604583ba8c891ddc2c8299dccb2cddf3e9337277d4ed7526d465a328,312c0a44605de87d31b6c52627cd91b07a4d1f75,SSL_ORIGINAL_MU25,Pinned legacy artifact; unmodified.
checkpoints_Vicreg_original_NEW/vicreg_metrics_original_soilnet_mu_27.csv,csv,2219,ba2f9d0db2d6cd5e6ff521178e4fef1c3070635fd0472cb4e76cee14e3b44569,312c0a44605de87d31b6c52627cd91b07a4d1f75,SSL_ORIGINAL_MU27,Pinned legacy artifact; unmodified.
checkpoints_Vicreg_original_NEW/vicreg_metrics_original_soilnet_mu_30.csv,csv,2223,256df10d6aeae2fbcba86558808c230777a74c8d5849b4e74a657d1e1822cf24,312c0a44605de87d31b6c52627cd91b07a4d1f75,SSL_ORIGINAL_MU30,Pinned legacy artifact; unmodified.
checkpoints_Vicreg_original_NEW/vicreg_metrics_original_soilnet_mu_33.csv,csv,2217,cb513b2c5fdb2e1142b0c4e975a2ec859db1237f90fe96eb34364c06374dd429,312c0a44605de87d31b6c52627cd91b07a4d1f75,SSL_ORIGINAL_MU33,Pinned legacy artifact; unmodified.
checkpoints_Vicreg_original_NEW/vicreg_projector_final_mu_23.0.pth,pth,7217032,57b0ddf2342b9f157580071e521c8a8220033a72bf072684446ea997a30fadff,312c0a44605de87d31b6c52627cd91b07a4d1f75,SSL_ORIGINAL_MU23,Pinned legacy artifact; unmodified.
checkpoints_Vicreg_original_NEW/vicreg_projector_final_mu_25.0.pth,pth,7217032,2560446e649946eea2f3a0ce1a686358eed77a7468001257498dfe1ffd645a64,312c0a44605de87d31b6c52627cd91b07a4d1f75,SSL_ORIGINAL_MU25,Pinned legacy artifact; unmodified.
checkpoints_Vicreg_original_NEW/vicreg_projector_final_mu_27.0.pth,pth,7217032,2ccdf9d8f2baa0503e713b58f748f0544e3c84dbf1941974aeb89528ea4c70ea,312c0a44605de87d31b6c52627cd91b07a4d1f75,SSL_ORIGINAL_MU27,Pinned legacy artifact; unmodified.
checkpoints_Vicreg_original_NEW/vicreg_projector_final_mu_30.0.pth,pth,7217032,79295791c006136ef158bcba8c0e60dfccd34b9adf8dcb3e31184f59c9f55583,312c0a44605de87d31b6c52627cd91b07a4d1f75,SSL_ORIGINAL_MU30,Pinned legacy artifact; unmodified.
checkpoints_Vicreg_original_NEW/vicreg_projector_final_mu_33.0.pth,pth,7217032,0eeca5f0103c722201f50891f58c444de50a59fc4169dfb70f06e06f7f89ff37,312c0a44605de87d31b6c52627cd91b07a4d1f75,SSL_ORIGINAL_MU33,Pinned legacy artifact; unmodified.
checkpoints_Vicreg_original_NEW/VicReg_SoiNet_optimized_mu_23.ipynb,ipynb,48956,e2805734f6611205f5fe99e346b9d843197bfdf39d7906f58ad6df35a24b4cdd,312c0a44605de87d31b6c52627cd91b07a4d1f75,SSL_ORIGINAL_MU23,Pinned legacy artifact; unmodified.
checkpoints_Vicreg_original_NEW/VicReg_SoiNet_optimized_mu_25.ipynb,ipynb,48954,b0aaf04a25f9a685e4c90b972bed9c0ee0ec81d3f82b435efb82ce96cf5b5d6f,312c0a44605de87d31b6c52627cd91b07a4d1f75,SSL_ORIGINAL_MU25,Pinned legacy artifact; unmodified.
checkpoints_Vicreg_original_NEW/VicReg_SoiNet_optimized_mu_27.ipynb,ipynb,48956,3f2fa4044391427069d3b61f9990a428f76676aa0878f7e65141352bd8e56e80,312c0a44605de87d31b6c52627cd91b07a4d1f75,SSL_ORIGINAL_MU27,Pinned legacy artifact; unmodified.
checkpoints_Vicreg_original_NEW/VicReg_SoiNet_optimized_mu_30.ipynb,ipynb,48956,6807a9f3be0b52ccddabeecfe198cc334084249edbd00fe91ef4642af043ba46,312c0a44605de87d31b6c52627cd91b07a4d1f75,SSL_ORIGINAL_MU30,Pinned legacy artifact; unmodified.
checkpoints_Vicreg_original_NEW/VicReg_SoiNet_optimized_mu_33.ipynb,ipynb,48956,26644e31828bba235cf3b3e1e7c64d019571c4f8f9e69bef9f55c978b5fa6102,312c0a44605de87d31b6c52627cd91b07a4d1f75,SSL_ORIGINAL_MU33,Pinned legacy artifact; unmodified.
finetune_mu=20.ipynb,ipynb,84296,9256ac283b312d621b93bccd370a8cff31b073a6fd8712f491a1964ea591d5cf,312c0a44605de87d31b6c52627cd91b07a4d1f75,FINETUNE_ORIGINAL_MU20,Pinned legacy artifact; unmodified.
finetune_mu=23.ipynb,ipynb,58434,7641e686024767c48c81ceb3f48425a19c7f14945f619bfe6704515c9f844cc7,312c0a44605de87d31b6c52627cd91b07a4d1f75,FINETUNE_ORIGINAL_MU23,Pinned legacy artifact; unmodified.
finetune_mu=25.ipynb,ipynb,58403,af751a22050747018afd719c77fd18f9ed7e3226b05806197e39e7b04535ee05,312c0a44605de87d31b6c52627cd91b07a4d1f75,FINETUNE_ORIGINAL_MU25,Pinned legacy artifact; unmodified.
finetune_mu=27.ipynb,ipynb,58418,c9d8a392f092e3e2cecb38499cfb986fc69f2d5383a63d2c70cde79326e2184b,312c0a44605de87d31b6c52627cd91b07a4d1f75,FINETUNE_ORIGINAL_MU27,Pinned legacy artifact; unmodified.
finetune_mu=30.ipynb,ipynb,58425,26c53bf6e520bbd9380756f13d22b0a16793a3077bc58c343f97a5387fe76a3b,312c0a44605de87d31b6c52627cd91b07a4d1f75,FINETUNE_ORIGINAL_MU30,Pinned legacy artifact; unmodified.
finetune_mu=33.ipynb,ipynb,58425,0a77b0a1aa415525c1983bb63e78c897d3f1e07710b42e99b92f0268bb107898,312c0a44605de87d31b6c52627cd91b07a4d1f75,FINETUNE_ORIGINAL_MU33,Pinned legacy artifact; unmodified.
finetune_mu=40.ipynb,ipynb,58430,63fd673186050a41540b9f88e57efffb4383515a9733cf513c72fe1a60077dac,312c0a44605de87d31b6c52627cd91b07a4d1f75,FINETUNE_ORIGINAL_MU40,Pinned legacy artifact; unmodified.
finetune_new/Finetune_VicReg_mu=20.ipynb,ipynb,94182,317849a57b7edd47e4f82ca005b8efe1a496b2e8853bb145b5bec25dec58fde7,312c0a44605de87d31b6c52627cd91b07a4d1f75,FINETUNE_ORIGINAL_MU20,Pinned legacy artifact; unmodified.
finetune_new/Finetune_VicReg_mu=23.ipynb,ipynb,94336,d2550c32de162f457373cc811e4d215835b8b7ff0510615bf20e9c2807313560,312c0a44605de87d31b6c52627cd91b07a4d1f75,FINETUNE_ORIGINAL_MU23,Pinned legacy artifact; unmodified.
finetune_new/Finetune_VicReg_mu=25.ipynb,ipynb,94275,c9cfc820469487d870020871f7d668223f5b3d2ebb119f7b386d9983db3a2a3f,312c0a44605de87d31b6c52627cd91b07a4d1f75,FINETUNE_ORIGINAL_MU25,Pinned legacy artifact; unmodified.
finetune_new/Finetune_VicReg_mu=27.ipynb,ipynb,94066,344c9c45d5002c3a283ff354751b2c7682c709bc4b4333eb5616e7eebef0a826,312c0a44605de87d31b6c52627cd91b07a4d1f75,FINETUNE_ORIGINAL_MU27,Pinned legacy artifact; unmodified.
finetune_new/Finetune_VicReg_mu=30.ipynb,ipynb,94413,2e221f9224c2f9797f9c0e4178d79c410a569f274fe5147acee0ac11cc9ae1db,312c0a44605de87d31b6c52627cd91b07a4d1f75,FINETUNE_ORIGINAL_MU30,Pinned legacy artifact; unmodified.
finetune_new/Finetune_VicReg_mu=33.ipynb,ipynb,94292,3988d3356ebf76a46b125675386657aeacf2230737b78055bb56edc4c93e57ae,312c0a44605de87d31b6c52627cd91b07a4d1f75,FINETUNE_ORIGINAL_MU33,Pinned legacy artifact; unmodified.
finetune_new/Finetune_VicReg_TinyImageNet_mu=20.ipynb,ipynb,94076,59a5fe64264fa2a25cdf569c81f2680b59d8df5e140b36866d351dc0e76cd336,312c0a44605de87d31b6c52627cd91b07a4d1f75,FINETUNE_TINYIMAGENET_MU20,Pinned legacy artifact; unmodified.
finetune_new/Finetune_VicReg_TinyImageNet_mu=23.ipynb,ipynb,94212,42fc4843c6ff4aac7e8f5541d49c8e3edb8b11ecde09e99078b5dced64633345,312c0a44605de87d31b6c52627cd91b07a4d1f75,FINETUNE_TINYIMAGENET_MU23,Pinned legacy artifact; unmodified.
finetune_new/Finetune_VicReg_TinyImageNet_mu=25.ipynb,ipynb,94082,58dd6176ba52aa2df6f36e10d10a4c46884f5d2eb1f8bd30c5ced24855b04183,312c0a44605de87d31b6c52627cd91b07a4d1f75,FINETUNE_TINYIMAGENET_MU25,Pinned legacy artifact; unmodified.
finetune_new/Finetune_VicReg_TinyImageNet_mu=27.ipynb,ipynb,94280,851d397f394d19760d95370595395338689aa92d4e6b42994358b5d5fa3c5472,312c0a44605de87d31b6c52627cd91b07a4d1f75,FINETUNE_TINYIMAGENET_MU27,Pinned legacy artifact; unmodified.
finetune_new/Finetune_VicReg_TinyImageNet_mu=30.ipynb,ipynb,94029,cb65f660a0b843d426d876bb04a0ca4945273f86db557081853c95a2ad131042,312c0a44605de87d31b6c52627cd91b07a4d1f75,FINETUNE_TINYIMAGENET_MU30,Pinned legacy artifact; unmodified.
finetune_new/Finetune_VicReg_TinyImageNet_mu=33.ipynb,ipynb,94150,decc642a50203019abbf148b33e5fffb884fca9fa0a5cc8b5606ef3550a676ca,312c0a44605de87d31b6c52627cd91b07a4d1f75,FINETUNE_TINYIMAGENET_MU33,Pinned legacy artifact; unmodified.
finetune_new/training_metrics_finetuned_VicReg_mu_20.csv,csv,12345,0f248feb7b35102201332ad39e49f67f554cdda3730c74769542d138ee6b918d,312c0a44605de87d31b6c52627cd91b07a4d1f75,FINETUNE_ORIGINAL_MU20,Pinned legacy artifact; unmodified.
finetune_new/training_metrics_finetuned_VicReg_mu_23.csv,csv,12402,b21d85bf75e78faeeb71e74c0e6d7016603d6de57aa584621c85dab328e837e0,312c0a44605de87d31b6c52627cd91b07a4d1f75,FINETUNE_ORIGINAL_MU23,Pinned legacy artifact; unmodified.
finetune_new/training_metrics_finetuned_VicReg_mu_25.csv,csv,12344,cfbb825af7d344bab4b18cff7e3b923c151dd295dcc25755656536f88e19f43b,312c0a44605de87d31b6c52627cd91b07a4d1f75,FINETUNE_ORIGINAL_MU25,Pinned legacy artifact; unmodified.
finetune_new/training_metrics_finetuned_VicReg_mu_27.csv,csv,12377,f0e0c85ec589e118c796126666ea36143b15e5cbd91226b5d6f77885c0dbaffc,312c0a44605de87d31b6c52627cd91b07a4d1f75,FINETUNE_ORIGINAL_MU27,Pinned legacy artifact; unmodified.
finetune_new/training_metrics_finetuned_VicReg_mu_30.csv,csv,12377,c27d20261e5af44954bd2cf2147a7a697b160abcfa345c361ad4c7620246f840,312c0a44605de87d31b6c52627cd91b07a4d1f75,FINETUNE_ORIGINAL_MU30,Pinned legacy artifact; unmodified.
finetune_new/training_metrics_finetuned_VicReg_mu_33.csv,csv,12356,adb7470cbdb6695dbc747c151fc38b80a80ed32d4c048bae728e434b54741310,312c0a44605de87d31b6c52627cd91b07a4d1f75,FINETUNE_ORIGINAL_MU33,Pinned legacy artifact; unmodified.
finetune_new/training_metrics_finetuned_VicReg_TinyImageNet_mu_20.csv,csv,12383,3cf3305d67244343e62f05287545642f58f8047e6a11d5fee852b5d929409749,312c0a44605de87d31b6c52627cd91b07a4d1f75,FINETUNE_TINYIMAGENET_MU20,Pinned legacy artifact; unmodified.
finetune_new/training_metrics_finetuned_VicReg_TinyImageNet_mu_23.csv,csv,12416,4b34997648fcb01036abdc155ec5a31fddc96dad912b3dde384e625204cd44df,312c0a44605de87d31b6c52627cd91b07a4d1f75,FINETUNE_TINYIMAGENET_MU23,Pinned legacy artifact; unmodified.
finetune_new/training_metrics_finetuned_VicReg_TinyImageNet_mu_25.csv,csv,12388,196d77a48c2fdfe652e5277ba009e69264afc58a8da3fe9690eae874ded3ce8e,312c0a44605de87d31b6c52627cd91b07a4d1f75,FINETUNE_TINYIMAGENET_MU25,Pinned legacy artifact; unmodified.
finetune_new/training_metrics_finetuned_VicReg_TinyImageNet_mu_27.csv,csv,12392,67b631ab233b0d4f25486707a9c87e15e311f4bd9bd7f1250b23cd10333cd89d,312c0a44605de87d31b6c52627cd91b07a4d1f75,FINETUNE_TINYIMAGENET_MU27,Pinned legacy artifact; unmodified.
finetune_new/training_metrics_finetuned_VicReg_TinyImageNet_mu_30.csv,csv,12432,77be1752d440c34029dba4ea856680ada9feb70c35e70ec32623b4450fd53336,312c0a44605de87d31b6c52627cd91b07a4d1f75,FINETUNE_TINYIMAGENET_MU30,Pinned legacy artifact; unmodified.
finetune_new/training_metrics_finetuned_VicReg_TinyImageNet_mu_33.csv,csv,12356,d2e07933bd20fe4fcd243dc4d5b4d58bceb53785cb3c02107bdea28e856d865e,312c0a44605de87d31b6c52627cd91b07a4d1f75,FINETUNE_TINYIMAGENET_MU33,Pinned legacy artifact; unmodified.
finetune_tinyImage_mu=20.ipynb,ipynb,58494,735408caf71772a7b5a5d3bbf13009905f963620180bc18253a19861b26ff932,312c0a44605de87d31b6c52627cd91b07a4d1f75,FINETUNE_TINYIMAGENET_MU20,Pinned legacy artifact; unmodified.
finetune_tinyImage_mu=23.ipynb,ipynb,58289,780f3f81c67035ec83fa1c6be0e04fa1befc07046034681deea671846b0d8ea1,312c0a44605de87d31b6c52627cd91b07a4d1f75,FINETUNE_TINYIMAGENET_MU23,Pinned legacy artifact; unmodified.
finetune_tinyImage_mu=25.ipynb,ipynb,58501,d7b81c24b4b69727ab15b4eba5c258ec9059f241d8b49ec51d53102562bb2fbf,312c0a44605de87d31b6c52627cd91b07a4d1f75,FINETUNE_TINYIMAGENET_MU25,Pinned legacy artifact; unmodified.
finetune_tinyImage_mu=27.ipynb,ipynb,58490,15c6d223a03020859541f918110682608a5a34d14e72d14f71085dfdc91e8d9d,312c0a44605de87d31b6c52627cd91b07a4d1f75,FINETUNE_TINYIMAGENET_MU27,Pinned legacy artifact; unmodified.
finetune_tinyImage_mu=30.ipynb,ipynb,58510,73ed87c3f25803bc044b1c019476aea3c128f2a55a08ae1faf098e4f15c0b345,312c0a44605de87d31b6c52627cd91b07a4d1f75,FINETUNE_TINYIMAGENET_MU30,Pinned legacy artifact; unmodified.
finetune_tinyImage_mu=33.ipynb,ipynb,58495,ae30e8a31663fba6bfe82cecfc3c7b241f773b806a767b5342599aab262f3e29,312c0a44605de87d31b6c52627cd91b07a4d1f75,FINETUNE_TINYIMAGENET_MU33,Pinned legacy artifact; unmodified.
pp_SoiNet_orginal_vicREG-mu=2.ipynb,ipynb,50424,df841bb3f5d397a6a0f8f6c7b3a76c054c244fcc2c9d2125569c3e22bcfcacb6,312c0a44605de87d31b6c52627cd91b07a4d1f75,SSL_ORIGINAL_MU2,Pinned legacy artifact; unmodified.
pp_SoiNet_orginal_vicREG-mu=23.ipynb,ipynb,50349,1a48276429947347cb5dd32498d1e3f88960194d100687767a699adba7e20405,312c0a44605de87d31b6c52627cd91b07a4d1f75,SSL_ORIGINAL_MU23,Pinned legacy artifact; unmodified.
pp_SoiNet_orginal_vicREG-mu=25.ipynb,ipynb,50510,616c74c9982e663dbf88adfee78163f58141a086bfb30018009db054b8f87ff3,312c0a44605de87d31b6c52627cd91b07a4d1f75,SSL_ORIGINAL_MU25,Pinned legacy artifact; unmodified.
pp_SoiNet_orginal_vicREG-mu=27.ipynb,ipynb,50513,f662d8c5ba16199f2df3331fe52cdf01add3871d2b2e6d10b4e33239bbe849a3,312c0a44605de87d31b6c52627cd91b07a4d1f75,SSL_ORIGINAL_MU27,Pinned legacy artifact; unmodified.
pp_SoiNet_orginal_vicREG-mu=30.ipynb,ipynb,50512,6ae8cbf70d74402477140bf8dc47fdd42ca2611265232a9993c08868b87478ba,312c0a44605de87d31b6c52627cd91b07a4d1f75,SSL_ORIGINAL_MU30,Pinned legacy artifact; unmodified.
pp_SoiNet_orginal_vicREG-mu=33.ipynb,ipynb,50513,a2e3023bac45300219cf56afcf27fcd98711f7a9b5f2fba8407eb27968e04e7d,312c0a44605de87d31b6c52627cd91b07a4d1f75,SSL_ORIGINAL_MU33,Pinned legacy artifact; unmodified.
pp_SoiNet_orginal_vicREG-mu=40.ipynb,ipynb,50512,dbbb789f8bb1297201fdaf48382f38c2fb82e998df533aa200fb7bcedd0c9bb9,312c0a44605de87d31b6c52627cd91b07a4d1f75,SSL_ORIGINAL_MU40,Pinned legacy artifact; unmodified.
pp_SoiNet_orginal_vicREG-mu=80.ipynb,ipynb,50513,65aef506ccfa73b08080372e6d1ec70faafb6f6579b6671b56b031e6c458f2ce,312c0a44605de87d31b6c52627cd91b07a4d1f75,SSL_ORIGINAL_MU80,Pinned legacy artifact; unmodified.
pp_SoiNet_orginal_vicREG_mu=20.ipynb,ipynb,71777,3496dd2ec1a4cb5c47ae9cdb134ca2d0d6f1bbda42c1bd01de2dba73d89bf496,312c0a44605de87d31b6c52627cd91b07a4d1f75,SSL_ORIGINAL_MU20,Pinned legacy artifact; unmodified.
predict_fromtelegram.ipynb,ipynb,7376,1ffc3532884a714d875e938ad4ba9ba076ac22545f4c38bb2a9e437760461a8e,312c0a44605de87d31b6c52627cd91b07a4d1f75,DEPLOYMENT_ORIGINAL,Pinned legacy artifact; unmodified.
SoilNet_pretrain_ImageNet.py,py,6068,2d8f2188cbaa75daae48198781b7101e42bc50909b18f78c4809f07c80e409a6,312c0a44605de87d31b6c52627cd91b07a4d1f75,PRETRAIN_TINYIMAGENET,Pinned legacy artifact; unmodified.
VicReg_all.xlsx,xlsx,23145,e7f9b0ccb3e8ffa5e790752cd9728a95fce298559a884ffefa7de5253aa6690a,312c0a44605de87d31b6c52627cd91b07a4d1f75,SSL_ORIGINAL,Pinned legacy artifact; unmodified.
vicreg_model_final_tinyImageNet_mu_20.0.pth,pth,16216320,8e64f6898656a2192ea0769d56c78597e6ebad8c961212541f9ed4bcd77492cf,312c0a44605de87d31b6c52627cd91b07a4d1f75,SSL_TINYIMAGENET_MU20,Pinned legacy artifact; unmodified.
vicreg_model_final_tinyImageNet_mu_23.0.pth,pth,16216320,8fcecd49fbe72fed83add29022fc8dc11fc99352b4e38e11349eb256a5732aa2,312c0a44605de87d31b6c52627cd91b07a4d1f75,SSL_TINYIMAGENET_MU23,Pinned legacy artifact; unmodified.
vicreg_model_final_tinyImageNet_mu_25.0.pth,pth,16216320,59e4f4f7c3278add2697b79125aadb1a24a1e2e35d33f5340a117ba1b0ff27e9,312c0a44605de87d31b6c52627cd91b07a4d1f75,SSL_TINYIMAGENET_MU25,Pinned legacy artifact; unmodified.
vicreg_model_final_tinyImageNet_mu_27.0.pth,pth,16216320,2919012a6a6e585f6a3cb2762415c811abae8119e3196fce15afdf3389ee17c1,312c0a44605de87d31b6c52627cd91b07a4d1f75,SSL_TINYIMAGENET_MU27,Pinned legacy artifact; unmodified.
VicReg_SoiNet_optimized_mu_20.ipynb,ipynb,55706,0cd162381087e6e643f698227933c736f9616410717cba8c484bb17a25e73c5c,312c0a44605de87d31b6c52627cd91b07a4d1f75,SSL_ORIGINAL_MU20,Pinned legacy artifact; unmodified.
Vicreg_soiNet_tinyImagenet_mu=20.ipynb,ipynb,59970,ae6a2542b1817da59c2257247adb124e5120c6065a0b6c104f19c7378ef0d065,312c0a44605de87d31b6c52627cd91b07a4d1f75,SSL_TINYIMAGENET_MU20,Pinned legacy artifact; unmodified.
Vicreg_soiNet_tinyImagenet_mu=23.ipynb,ipynb,59968,c791594a653b6d9c97c37a719a8c42e94d4303d9b3e17fd32ba70b7cfa5a2c98,312c0a44605de87d31b6c52627cd91b07a4d1f75,SSL_TINYIMAGENET_MU23,Pinned legacy artifact; unmodified.
Vicreg_soiNet_tinyImagenet_mu=25.ipynb,ipynb,59904,80cf8014b3f2f27986845d6cd57d269712efc5329de70eb3fd0d24677ed562d0,312c0a44605de87d31b6c52627cd91b07a4d1f75,SSL_TINYIMAGENET_MU25,Pinned legacy artifact; unmodified.
Vicreg_soiNet_tinyImagenet_mu=27.ipynb,ipynb,59807,6a5d949a0b0752986b1b97fd8536c16ce084f5e087d4a850873e7ccd55585f43,312c0a44605de87d31b6c52627cd91b07a4d1f75,SSL_TINYIMAGENET_MU27,Pinned legacy artifact; unmodified.
Vicreg_soiNet_tinyImagenet_mu=30.ipynb,ipynb,59970,67731a9ef02660085bb91f0d9b95593a7b9e09434ad28a31849f90937f009645,312c0a44605de87d31b6c52627cd91b07a4d1f75,SSL_TINYIMAGENET_MU30,Pinned legacy artifact; unmodified.
Vicreg_soiNet_tinyImagenet_mu=33.ipynb,ipynb,59970,f1c2a322edd83cf4391c90ec4b1cdcfdc4e5847f91c5109748e35c8bc8bce39f,312c0a44605de87d31b6c52627cd91b07a4d1f75,SSL_TINYIMAGENET_MU33,Pinned legacy artifact; unmodified.
