sha256,group_id,relative_path,original_row_id,SM_0,SM_20,light_value,moisture_class,group_size,reason
00905821ecc223e991a8ae79e30a1d0e96b33018482c53840d07dd7f2a6ed88b,sha256:00905821ecc223e9,Soil_Labeled_Data/M_30_40/L_90_100/alluvial/z5720143128222_276e4e8586100105a226ae375886a943.jpg,z5720143128222_276e4e8586100105a226ae375886a943.jpg,40,40,90,3,2,EXACT_DUPLICATE_CONFLICT
00905821ecc223e991a8ae79e30a1d0e96b33018482c53840d07dd7f2a6ed88b,sha256:00905821ecc223e9,Soil_Labeled_Data/M_50_60/L_90_100/alluvial/z5720143128222_276e4e8586100105a226ae375886a943.jpg,z5720143128222_276e4e8586100105a226ae375886a943.jpg,53,51,94,5,2,EXACT_DUPLICATE_CONFLICT
1036124b03e417fccc2b2771da3daa5a7aa4639e9c0f2094e2f620f40d734ce6,sha256:1036124b03e417fc,Soil_Labeled_Data/M_30_40/L_80_90/alluvial/z5720115955016_77628ff737c4b80cdf4db3cabe679c96.jpg,z5720115955016_77628ff737c4b80cdf4db3cabe679c96.jpg,32,31,82,3,3,EXACT_DUPLICATE_CONFLICT
1036124b03e417fccc2b2771da3daa5a7aa4639e9c0f2094e2f620f40d734ce6,sha256:1036124b03e417fc,Soil_Labeled_Data/M_50_60/L_80_90/alluvial/z5720115955016_77628ff737c4b80cdf4db3cabe679c96.jpg,z5720115955016_77628ff737c4b80cdf4db3cabe679c96.jpg,51,49,86,5,3,EXACT_DUPLICATE_CONFLICT
1036124b03e417fccc2b2771da3daa5a7aa4639e9c0f2094e2f620f40d734ce6,sha256:1036124b03e417fc,Soil_Labeled_Data/M_60_70/L_80_90/alluvial/z5720115955016_77628ff737c4b80cdf4db3cabe679c96.jpg,z5720115955016_77628ff737c4b80cdf4db3cabe679c96.jpg,62,64,85,6,3,EXACT_DUPLICATE_CONFLICT
152c3629f5e51fcdd37dc597a1642fce5df05fa051ff1e636ab64591586992fa,sha256:152c3629f5e51fcd,Soil_Labeled_Data/M_30_40/L_80_90/alluvial/z5720115982216_637e10bfdba8825575e6ddce9ee0b4db.jpg,z5720115982216_637e10bfdba8825575e6ddce9ee0b4db.jpg,30,30,89,3,3,EXACT_DUPLICATE_CONFLICT
152c3629f5e51fcdd37dc597a1642fce5df05fa051ff1e636ab64591586992fa,sha256:152c3629f5e51fcd,Soil_Labeled_Data/M_50_60/L_80_90/alluvial/z5720115982216_637e10bfdba8825575e6ddce9ee0b4db.jpg,z5720115982216_637e10bfdba8825575e6ddce9ee0b4db.jpg,50,51,87,5,3,EXACT_DUPLICATE_CONFLICT
152c3629f5e51fcdd37dc597a1642fce5df05fa051ff1e636ab64591586992fa,sha256:152c3629f5e51fcd,Soil_Labeled_Data/M_60_70/L_80_90/alluvial/z5720115982216_637e10bfdba8825575e6ddce9ee0b4db.jpg,z5720115982216_637e10bfdba8825575e6ddce9ee0b4db.jpg,62,62,85,6,3,EXACT_DUPLICATE_CONFLICT
18bc134226d0f0292404508331885ed7ec92dac7ad23953057102c75b475fc2a,sha256:18bc134226d0f029,Soil_Labeled_Data/M_30_40/L_80_90/alluvial/z5720115727413_e891a8cfc53a007f676e1bac4a0342b5.jpg,z5720115727413_e891a8cfc53a007f676e1bac4a0342b5.jpg,37,38,81,3,3,EXACT_DUPLICATE_CONFLICT
18bc134226d0f0292404508331885ed7ec92dac7ad23953057102c75b475fc2a,sha256:18bc134226d0f029,Soil_Labeled_Data/M_50_60/L_80_90/alluvial/z5720115727413_e891a8cfc53a007f676e1bac4a0342b5.jpg,z5720115727413_e891a8cfc53a007f676e1bac4a0342b5.jpg,52,50,87,5,3,EXACT_DUPLICATE_CONFLICT
18bc134226d0f0292404508331885ed7ec92dac7ad23953057102c75b475fc2a,sha256:18bc134226d0f029,Soil_Labeled_Data/M_60_70/L_80_90/alluvial/z5720115727413_e891a8cfc53a007f676e1bac4a0342b5.jpg,z5720115727413_e891a8cfc53a007f676e1bac4a0342b5.jpg,68,66,84,6,3,EXACT_DUPLICATE_CONFLICT
18bc70fb3bbd74cd8bf3ab88ec4e48b1aa2fdd6673a130490622719209b228e0,sha256:18bc70fb3bbd74cd,Soil_Labeled_Data/M_30_40/L_80_90/alluvial/z5720115765295_566dab2e381f475c4d17c1f90510d54b.jpg,z5720115765295_566dab2e381f475c4d17c1f90510d54b.jpg,35,34,85,3,4,EXACT_DUPLICATE_CONFLICT
18bc70fb3bbd74cd8bf3ab88ec4e48b1aa2fdd6673a130490622719209b228e0,sha256:18bc70fb3bbd74cd,Soil_Labeled_Data/M_40_50/L_80_90/alluvial/z5720115765295_566dab2e381f475c4d17c1f90510d54b.jpg,z5720115765295_566dab2e381f475c4d17c1f90510d54b.jpg,43,45,82,4,4,EXACT_DUPLICATE_CONFLICT
18bc70fb3bbd74cd8bf3ab88ec4e48b1aa2fdd6673a130490622719209b228e0,sha256:18bc70fb3bbd74cd,Soil_Labeled_Data/M_50_60/L_80_90/alluvial/z5720115765295_566dab2e381f475c4d17c1f90510d54b.jpg,z5720115765295_566dab2e381f475c4d17c1f90510d54b.jpg,54,55,88,5,4,EXACT_DUPLICATE_CONFLICT
18bc70fb3bbd74cd8bf3ab88ec4e48b1aa2fdd6673a130490622719209b228e0,sha256:18bc70fb3bbd74cd,Soil_Labeled_Data/M_60_70/L_80_90/alluvial/z5720115765295_566dab2e381f475c4d17c1f90510d54b.jpg,z5720115765295_566dab2e381f475c4d17c1f90510d54b.jpg,61,59,87,6,4,EXACT_DUPLICATE_CONFLICT
1ce12e72af799f3ef641eac772e49eaa601410979f064594ee0697444163f229,sha256:1ce12e72af799f3e,Soil_Labeled_Data/M_30_40/L_90_100/alluvial/z5720142732215_24153a5f94f1690b1290a7adb4f344d9.jpg,z5720142732215_24153a5f94f1690b1290a7adb4f344d9.jpg,32,31,98,3,3,EXACT_DUPLICATE_CONFLICT
1ce12e72af799f3ef641eac772e49eaa601410979f064594ee0697444163f229,sha256:1ce12e72af799f3e,Soil_Labeled_Data/M_40_50/L_90_100/alluvial/z5720142732215_24153a5f94f1690b1290a7adb4f344d9.jpg,z5720142732215_24153a5f94f1690b1290a7adb4f344d9.jpg,42,40,93,4,3,EXACT_DUPLICATE_CONFLICT
1ce12e72af799f3ef641eac772e49eaa601410979f064594ee0697444163f229,sha256:1ce12e72af799f3e,Soil_Labeled_Data/M_50_60/L_90_100/alluvial/z5720142732215_24153a5f94f1690b1290a7adb4f344d9.jpg,z5720142732215_24153a5f94f1690b1290a7adb4f344d9.jpg,55,54,93,5,3,EXACT_DUPLICATE_CONFLICT
1d9f70a629ed7f33b5bb9dcbf9d2edf129960e30bc7d5a1fad18323eb20bc184,sha256:1d9f70a629ed7f33,Soil_Labeled_Data/M_30_40/L_90_100/alluvial/z5720142605939_7caf2dad0259dceaa9b82d0f49f18ce1.jpg,z5720142605939_7caf2dad0259dceaa9b82d0f49f18ce1.jpg,33,35,93,3,2,EXACT_DUPLICATE_CONFLICT
1d9f70a629ed7f33b5bb9dcbf9d2edf129960e30bc7d5a1fad18323eb20bc184,sha256:1d9f70a629ed7f33,Soil_Labeled_Data/M_50_60/L_90_100/alluvial/z5720142605939_7caf2dad0259dceaa9b82d0f49f18ce1.jpg,z5720142605939_7caf2dad0259dceaa9b82d0f49f18ce1.jpg,51,50,95,5,2,EXACT_DUPLICATE_CONFLICT
22f013a0c4a1d0d774875af11dd19a5943ec5cf8b4947bac016c8b4c94101565,sha256:22f013a0c4a1d0d7,Soil_Labeled_Data/M_30_40/L_90_100/alluvial/z5720143103699_d6de3602e00ee02916b885433cd153ac.jpg,z5720143103699_d6de3602e00ee02916b885433cd153ac.jpg,35,36,97,3,2,EXACT_DUPLICATE_CONFLICT
22f013a0c4a1d0d774875af11dd19a5943ec5cf8b4947bac016c8b4c94101565,sha256:22f013a0c4a1d0d7,Soil_Labeled_Data/M_50_60/L_90_100/alluvial/z5720143103699_d6de3602e00ee02916b885433cd153ac.jpg,z5720143103699_d6de3602e00ee02916b885433cd153ac.jpg,52,54,91,5,2,EXACT_DUPLICATE_CONFLICT
26bb3fee4d57dc0f3c2e373eaccb19a1a4f4b8da2c84829c5918e6d3a9e603b3,sha256:26bb3fee4d57dc0f,Soil_Labeled_Data/M_30_40/L_80_90/alluvial/z5720115611278_2165bd5b2e5ac713d97400eabcc65d99.jpg,z5720115611278_2165bd5b2e5ac713d97400eabcc65d99.jpg,35,33,84,3,4,EXACT_DUPLICATE_CONFLICT
26bb3fee4d57dc0f3c2e373eaccb19a1a4f4b8da2c84829c5918e6d3a9e603b3,sha256:26bb3fee4d57dc0f,Soil_Labeled_Data/M_40_50/L_80_90/alluvial/z5720115611278_2165bd5b2e5ac713d97400eabcc65d99.jpg,z5720115611278_2165bd5b2e5ac713d97400eabcc65d99.jpg,45,45,81,4,4,EXACT_DUPLICATE_CONFLICT
26bb3fee4d57dc0f3c2e373eaccb19a1a4f4b8da2c84829c5918e6d3a9e603b3,sha256:26bb3fee4d57dc0f,Soil_Labeled_Data/M_50_60/L_80_90/alluvial/z5720115611278_2165bd5b2e5ac713d97400eabcc65d99.jpg,z5720115611278_2165bd5b2e5ac713d97400eabcc65d99.jpg,59,61,84,5,4,EXACT_DUPLICATE_CONFLICT
26bb3fee4d57dc0f3c2e373eaccb19a1a4f4b8da2c84829c5918e6d3a9e603b3,sha256:26bb3fee4d57dc0f,Soil_Labeled_Data/M_60_70/L_80_90/alluvial/z5720115611278_2165bd5b2e5ac713d97400eabcc65d99.jpg,z5720115611278_2165bd5b2e5ac713d97400eabcc65d99.jpg,62,61,84,6,4,EXACT_DUPLICATE_CONFLICT
2746273450e1a7d8101832135e632930f65ff0bfb7e569ab2f263d346d531f9b,sha256:2746273450e1a7d8,Soil_Labeled_Data/M_10_20/L_80_90/alluvial/IMG_0757.JPG,IMG_0757.JPG,13,15,83,1,2,EXACT_DUPLICATE_CONFLICT
2746273450e1a7d8101832135e632930f65ff0bfb7e569ab2f263d346d531f9b,sha256:2746273450e1a7d8,Soil_Labeled_Data/M_10_20/L_80_90/alluvial/IMG_0758.JPG,IMG_0758.JPG,19,20,89,1,2,EXACT_DUPLICATE_CONFLICT
28778be0bae3539683f2940129076cf100dfde68b5c5159cc728f519231fc91e,sha256:28778be0bae35396,Soil_Labeled_Data/M_30_40/L_90_100/alluvial/z5720143154446_d6236257ccb21858bbf8354df5e10a69.jpg,z5720143154446_d6236257ccb21858bbf8354df5e10a69.jpg,38,40,91,3,2,EXACT_DUPLICATE_CONFLICT
28778be0bae3539683f2940129076cf100dfde68b5c5159cc728f519231fc91e,sha256:28778be0bae35396,Soil_Labeled_Data/M_50_60/L_90_100/alluvial/z5720143154446_d6236257ccb21858bbf8354df5e10a69.jpg,z5720143154446_d6236257ccb21858bbf8354df5e10a69.jpg,53,55,90,5,2,EXACT_DUPLICATE_CONFLICT
323a8ac7e9832d5f0b28a04df602dc3fc509c5d0fbaf03cc9c92e70db03d6391,sha256:323a8ac7e9832d5f,Soil_Labeled_Data/M_30_40/L_90_100/alluvial/z5720143078801_9e7f2d067ac7542cc6f3b8a5bd731451.jpg,z5720143078801_9e7f2d067ac7542cc6f3b8a5bd731451.jpg,39,40,90,3,2,EXACT_DUPLICATE_CONFLICT
323a8ac7e9832d5f0b28a04df602dc3fc509c5d0fbaf03cc9c92e70db03d6391,sha256:323a8ac7e9832d5f,Soil_Labeled_Data/M_50_60/L_90_100/alluvial/z5720143078801_9e7f2d067ac7542cc6f3b8a5bd731451.jpg,z5720143078801_9e7f2d067ac7542cc6f3b8a5bd731451.jpg,60,60,95,5,2,EXACT_DUPLICATE_CONFLICT
335f93b7096fabc3a68114e8059a8e21ce0d591798de4cde573718489111b02b,sha256:335f93b7096fabc3,Soil_Labeled_Data/M_10_20/L_80_90/alluvial/IMG_0760.JPG,IMG_0760.JPG,16,15,90,1,2,EXACT_DUPLICATE_CONFLICT
335f93b7096fabc3a68114e8059a8e21ce0d591798de4cde573718489111b02b,sha256:335f93b7096fabc3,Soil_Labeled_Data/M_10_20/L_80_90/alluvial/IMG_0761.JPG,IMG_0761.JPG,14,16,84,1,2,EXACT_DUPLICATE_CONFLICT
356b4f61f11c3f3639169e6ac8da9d34ad8d408c85fcafa9b03665c25a2c2d22,sha256:356b4f61f11c3f36,Soil_Labeled_Data/M_30_40/L_80_90/alluvial/z5720116028219_3547ed7fc4e58ca77d0a9c04ad52a29b.jpg,z5720116028219_3547ed7fc4e58ca77d0a9c04ad52a29b.jpg,32,33,82,3,3,EXACT_DUPLICATE_CONFLICT
356b4f61f11c3f3639169e6ac8da9d34ad8d408c85fcafa9b03665c25a2c2d22,sha256:356b4f61f11c3f36,Soil_Labeled_Data/M_50_60/L_80_90/alluvial/z5720116028219_3547ed7fc4e58ca77d0a9c04ad52a29b.jpg,z5720116028219_3547ed7fc4e58ca77d0a9c04ad52a29b.jpg,57,57,84,5,3,EXACT_DUPLICATE_CONFLICT
356b4f61f11c3f3639169e6ac8da9d34ad8d408c85fcafa9b03665c25a2c2d22,sha256:356b4f61f11c3f36,Soil_Labeled_Data/M_60_70/L_80_90/alluvial/z5720116028219_3547ed7fc4e58ca77d0a9c04ad52a29b.jpg,z5720116028219_3547ed7fc4e58ca77d0a9c04ad52a29b.jpg,68,69,83,6,3,EXACT_DUPLICATE_CONFLICT
524dd00cf9334bab01402f9145428779b1cb96912a8f0c138dbce8e413024df2,sha256:524dd00cf9334bab,Soil_Labeled_Data/M_30_40/L_90_100/alluvial/z5720143138433_5a1eba502028ab521a9ccc45f968b42d.jpg,z5720143138433_5a1eba502028ab521a9ccc45f968b42d.jpg,32,34,96,3,2,EXACT_DUPLICATE_CONFLICT
524dd00cf9334bab01402f9145428779b1cb96912a8f0c138dbce8e413024df2,sha256:524dd00cf9334bab,Soil_Labeled_Data/M_50_60/L_90_100/alluvial/z5720143138433_5a1eba502028ab521a9ccc45f968b42d.jpg,z5720143138433_5a1eba502028ab521a9ccc45f968b42d.jpg,54,54,94,5,2,EXACT_DUPLICATE_CONFLICT
55f747c71cf8d43b96b8f3014da9b1f6dca9a9c5be1fbac3617b12384bcd8350,sha256:55f747c71cf8d43b,Soil_Labeled_Data/M_0_10/L_30_40/alluvial/IMG_0096.JPG,IMG_0096.JPG,9,10,31,0,3,EXACT_DUPLICATE_CONFLICT
55f747c71cf8d43b96b8f3014da9b1f6dca9a9c5be1fbac3617b12384bcd8350,sha256:55f747c71cf8d43b,Soil_Labeled_Data/M_0_10/L_30_40/alluvial/IMG_0097.JPG,IMG_0097.JPG,7,8,32,0,3,EXACT_DUPLICATE_CONFLICT
55f747c71cf8d43b96b8f3014da9b1f6dca9a9c5be1fbac3617b12384bcd8350,sha256:55f747c71cf8d43b,Soil_Labeled_Data/M_0_10/L_30_40/alluvial/IMG_0115.JPG,IMG_0115.JPG,9,14,31,0,3,EXACT_DUPLICATE_CONFLICT
5873f295503021948402983e0b69c19684e53795933b1f0e7413811e5fe0efb1,sha256:5873f29550302194,Soil_Labeled_Data/M_30_40/L_80_90/alluvial/z5720116056023_3d3d361e4d7255ed7de4195fa640e456.jpg,z5720116056023_3d3d361e4d7255ed7de4195fa640e456.jpg,33,33,80,3,4,EXACT_DUPLICATE_CONFLICT
5873f295503021948402983e0b69c19684e53795933b1f0e7413811e5fe0efb1,sha256:5873f29550302194,Soil_Labeled_Data/M_40_50/L_80_90/alluvial/z5720116056023_3d3d361e4d7255ed7de4195fa640e456.jpg,z5720116056023_3d3d361e4d7255ed7de4195fa640e456.jpg,43,45,86,4,4,EXACT_DUPLICATE_CONFLICT
5873f295503021948402983e0b69c19684e53795933b1f0e7413811e5fe0efb1,sha256:5873f29550302194,Soil_Labeled_Data/M_50_60/L_80_90/alluvial/z5720116056023_3d3d361e4d7255ed7de4195fa640e456.jpg,z5720116056023_3d3d361e4d7255ed7de4195fa640e456.jpg,52,51,86,5,4,EXACT_DUPLICATE_CONFLICT
5873f295503021948402983e0b69c19684e53795933b1f0e7413811e5fe0efb1,sha256:5873f29550302194,Soil_Labeled_Data/M_60_70/L_80_90/alluvial/z5720116056023_3d3d361e4d7255ed7de4195fa640e456.jpg,z5720116056023_3d3d361e4d7255ed7de4195fa640e456.jpg,64,63,83,6,4,EXACT_DUPLICATE_CONFLICT
5cf7cb08c11a60bc59b83cc1cb413d9026009f6b151dbbaf84695108d9c113d4,sha256:5cf7cb08c11a60bc,Soil_Labeled_Data/M_50_60/L_70_80/alluvial/IMG_0705_M_10_20_light_brown_M_30_40_light_brown.jpg,IMG_0705_M_10_20_light_brown_M_30_40_light_brown.jpg,51,50,72,5,2,EXACT_DUPLICATE_CONFLICT
5cf7cb08c11a60bc59b83cc1cb413d9026009f6b151dbbaf84695108d9c113d4,sha256:5cf7cb08c11a60bc,Soil_Labeled_Data/M_50_60/L_70_80/alluvial/IMG_0706_M_10_20_light_brown_M_30_40_light_brown.jpg,IMG_0706_M_10_20_light_brown_M_30_40_light_brown.jpg,57,57,73,5,2,EXACT_DUPLICATE_CONFLICT
5d994566c0b179988accce70d34367cca75f3d938d184b5d7c8c9558266443ca,sha256:5d994566c0b17998,Soil_Labeled_Data/M_30_40/L_90_100/alluvial/z5720142873591_1e258c120dc7fd38c4364dc88310cf49.jpg,z5720142873591_1e258c120dc7fd38c4364dc88310cf49.jpg,33,31,99,3,2,EXACT_DUPLICATE_CONFLICT
5d994566c0b179988accce70d34367cca75f3d938d184b5d7c8c9558266443ca,sha256:5d994566c0b17998,Soil_Labeled_Data/M_50_60/L_90_100/alluvial/z5720142873591_1e258c120dc7fd38c4364dc88310cf49.jpg,z5720142873591_1e258c120dc7fd38c4364dc88310cf49.jpg,60,60,93,5,2,EXACT_DUPLICATE_CONFLICT
6dd61e46951640ce81a122981b61d8e716bfb01a13aa1ca5643228cd448c10c7,sha256:6dd61e46951640ce,Soil_Labeled_Data/M_30_40/L_80_90/alluvial/z5720116009994_7473d14d835476f47632659bffa27b72.jpg,z5720116009994_7473d14d835476f47632659bffa27b72.jpg,40,40,87,3,3,EXACT_DUPLICATE_CONFLICT
6dd61e46951640ce81a122981b61d8e716bfb01a13aa1ca5643228cd448c10c7,sha256:6dd61e46951640ce,Soil_Labeled_Data/M_50_60/L_80_90/alluvial/z5720116009994_7473d14d835476f47632659bffa27b72.jpg,z5720116009994_7473d14d835476f47632659bffa27b72.jpg,51,53,88,5,3,EXACT_DUPLICATE_CONFLICT
6dd61e46951640ce81a122981b61d8e716bfb01a13aa1ca5643228cd448c10c7,sha256:6dd61e46951640ce,Soil_Labeled_Data/M_60_70/L_80_90/alluvial/z5720116009994_7473d14d835476f47632659bffa27b72.jpg,z5720116009994_7473d14d835476f47632659bffa27b72.jpg,70,69,86,6,3,EXACT_DUPLICATE_CONFLICT
7230e1cf8fc623e3ff5e052ad819fe35ff56d2740228ea685e65aeff6f9082f1,sha256:7230e1cf8fc623e3,Soil_Labeled_Data/M_30_40/L_80_90/alluvial/z5720116040527_64efc6d26d1ee063c31ac7c808603d38.jpg,z5720116040527_64efc6d26d1ee063c31ac7c808603d38.jpg,37,38,88,3,3,EXACT_DUPLICATE_CONFLICT
7230e1cf8fc623e3ff5e052ad819fe35ff56d2740228ea685e65aeff6f9082f1,sha256:7230e1cf8fc623e3,Soil_Labeled_Data/M_50_60/L_80_90/alluvial/z5720116040527_64efc6d26d1ee063c31ac7c808603d38.jpg,z5720116040527_64efc6d26d1ee063c31ac7c808603d38.jpg,60,58,84,5,3,EXACT_DUPLICATE_CONFLICT
7230e1cf8fc623e3ff5e052ad819fe35ff56d2740228ea685e65aeff6f9082f1,sha256:7230e1cf8fc623e3,Soil_Labeled_Data/M_60_70/L_80_90/alluvial/z5720116040527_64efc6d26d1ee063c31ac7c808603d38.jpg,z5720116040527_64efc6d26d1ee063c31ac7c808603d38.jpg,70,68,90,6,3,EXACT_DUPLICATE_CONFLICT
75af8544493631632ecb26dbf0ebbaccebb83a95700602043d0f9d43d51d6261,sha256:75af854449363163,Soil_Labeled_Data/M_30_40/L_80_90/alluvial/z5720115869917_a1c0c0f135fb5443e070ba2cfa3f59b5.jpg,z5720115869917_a1c0c0f135fb5443e070ba2cfa3f59b5.jpg,31,32,88,3,3,EXACT_DUPLICATE_CONFLICT
75af8544493631632ecb26dbf0ebbaccebb83a95700602043d0f9d43d51d6261,sha256:75af854449363163,Soil_Labeled_Data/M_50_60/L_80_90/alluvial/z5720115869917_a1c0c0f135fb5443e070ba2cfa3f59b5.jpg,z5720115869917_a1c0c0f135fb5443e070ba2cfa3f59b5.jpg,59,58,83,5,3,EXACT_DUPLICATE_CONFLICT
75af8544493631632ecb26dbf0ebbaccebb83a95700602043d0f9d43d51d6261,sha256:75af854449363163,Soil_Labeled_Data/M_60_70/L_80_90/alluvial/z5720115869917_a1c0c0f135fb5443e070ba2cfa3f59b5.jpg,z5720115869917_a1c0c0f135fb5443e070ba2cfa3f59b5.jpg,70,68,81,6,3,EXACT_DUPLICATE_CONFLICT
7c27eb594e080bb4138985853876a1ec96149a2328ca41c77d8d16a7120c46b6,sha256:7c27eb594e080bb4,Soil_Labeled_Data/M_10_20/L_90_100/alluvial/IMG_0794.JPG,IMG_0794.JPG,18,19,100,1,4,EXACT_DUPLICATE_CONFLICT
7c27eb594e080bb4138985853876a1ec96149a2328ca41c77d8d16a7120c46b6,sha256:7c27eb594e080bb4,Soil_Labeled_Data/M_10_20/L_90_100/alluvial/IMG_0795.JPG,IMG_0795.JPG,19,18,94,1,4,EXACT_DUPLICATE_CONFLICT
7c27eb594e080bb4138985853876a1ec96149a2328ca41c77d8d16a7120c46b6,sha256:7c27eb594e080bb4,Soil_Labeled_Data/M_10_20/L_90_100/alluvial/IMG_0797.JPG,IMG_0797.JPG,14,16,92,1,4,EXACT_DUPLICATE_CONFLICT
7c27eb594e080bb4138985853876a1ec96149a2328ca41c77d8d16a7120c46b6,sha256:7c27eb594e080bb4,Soil_Labeled_Data/M_10_20/L_90_100/alluvial/IMG_0798.JPG,IMG_0798.JPG,19,17,93,1,4,EXACT_DUPLICATE_CONFLICT
8135a92cf1b73d22b6e345d3c2b34d93ef0ec1487efe4fb4b193d73d326db557,sha256:8135a92cf1b73d22,Soil_Labeled_Data/M_30_40/L_80_90/alluvial/z5720115908066_d971dc1911998ed5477394adeada3648.jpg,z5720115908066_d971dc1911998ed5477394adeada3648.jpg,37,35,86,3,3,EXACT_DUPLICATE_CONFLICT
8135a92cf1b73d22b6e345d3c2b34d93ef0ec1487efe4fb4b193d73d326db557,sha256:8135a92cf1b73d22,Soil_Labeled_Data/M_50_60/L_80_90/alluvial/z5720115908066_d971dc1911998ed5477394adeada3648.jpg,z5720115908066_d971dc1911998ed5477394adeada3648.jpg,58,59,80,5,3,EXACT_DUPLICATE_CONFLICT
8135a92cf1b73d22b6e345d3c2b34d93ef0ec1487efe4fb4b193d73d326db557,sha256:8135a92cf1b73d22,Soil_Labeled_Data/M_60_70/L_80_90/alluvial/z5720115908066_d971dc1911998ed5477394adeada3648.jpg,z5720115908066_d971dc1911998ed5477394adeada3648.jpg,61,60,86,6,3,EXACT_DUPLICATE_CONFLICT
829953a83bc8f13d820098f719201103c7c52f6ee2e2dea7a03ec9a92c382984,sha256:829953a83bc8f13d,Soil_Labeled_Data/M_10_20/L_90_100/alluvial/IMG_0792.JPG,IMG_0792.JPG,14,14,91,1,3,EXACT_DUPLICATE_CONFLICT
829953a83bc8f13d820098f719201103c7c52f6ee2e2dea7a03ec9a92c382984,sha256:829953a83bc8f13d,Soil_Labeled_Data/M_10_20/L_90_100/alluvial/IMG_0793.JPG,IMG_0793.JPG,15,16,93,1,3,EXACT_DUPLICATE_CONFLICT
829953a83bc8f13d820098f719201103c7c52f6ee2e2dea7a03ec9a92c382984,sha256:829953a83bc8f13d,Soil_Labeled_Data/M_10_20/L_90_100/alluvial/IMG_0796.JPG,IMG_0796.JPG,10,11,91,1,3,EXACT_DUPLICATE_CONFLICT
85901716749fa7f57af05ad4b6a317f26c6e420ba47d3b76e87ff45ecdfcd54d,sha256:85901716749fa7f5,Soil_Labeled_Data/M_30_40/L_90_100/alluvial/z5720142667793_1b68b578374e456dec54d6a7942a78c6.jpg,z5720142667793_1b68b578374e456dec54d6a7942a78c6.jpg,30,31,100,3,3,EXACT_DUPLICATE_CONFLICT
85901716749fa7f57af05ad4b6a317f26c6e420ba47d3b76e87ff45ecdfcd54d,sha256:85901716749fa7f5,Soil_Labeled_Data/M_40_50/L_90_100/alluvial/z5720142667793_1b68b578374e456dec54d6a7942a78c6.jpg,z5720142667793_1b68b578374e456dec54d6a7942a78c6.jpg,43,45,90,4,3,EXACT_DUPLICATE_CONFLICT
85901716749fa7f57af05ad4b6a317f26c6e420ba47d3b76e87ff45ecdfcd54d,sha256:85901716749fa7f5,Soil_Labeled_Data/M_50_60/L_90_100/alluvial/z5720142667793_1b68b578374e456dec54d6a7942a78c6.jpg,z5720142667793_1b68b578374e456dec54d6a7942a78c6.jpg,57,58,91,5,3,EXACT_DUPLICATE_CONFLICT
94810c6b3fdfa00d052e30ee95c826701f36d5f4d5e9255127c10e702b24802f,sha256:94810c6b3fdfa00d,Soil_Labeled_Data/M_30_40/L_90_100/alluvial/z5720143012313_856304851294ecc8b5397b9311a48d88.jpg,z5720143012313_856304851294ecc8b5397b9311a48d88.jpg,31,33,99,3,2,EXACT_DUPLICATE_CONFLICT
94810c6b3fdfa00d052e30ee95c826701f36d5f4d5e9255127c10e702b24802f,sha256:94810c6b3fdfa00d,Soil_Labeled_Data/M_50_60/L_90_100/alluvial/z5720143012313_856304851294ecc8b5397b9311a48d88.jpg,z5720143012313_856304851294ecc8b5397b9311a48d88.jpg,55,56,95,5,2,EXACT_DUPLICATE_CONFLICT
9650caa2b1d13f950242ad63651c99f623a0fd736adc8468372e2f4148af1032,sha256:9650caa2b1d13f95,Soil_Labeled_Data/M_30_40/L_90_100/alluvial/z5720143191868_a2e1d248c34ba593baf30b4defe0d1dd.jpg,z5720143191868_a2e1d248c34ba593baf30b4defe0d1dd.jpg,37,36,92,3,2,EXACT_DUPLICATE_CONFLICT
9650caa2b1d13f950242ad63651c99f623a0fd736adc8468372e2f4148af1032,sha256:9650caa2b1d13f95,Soil_Labeled_Data/M_50_60/L_90_100/alluvial/z5720143191868_a2e1d248c34ba593baf30b4defe0d1dd.jpg,z5720143191868_a2e1d248c34ba593baf30b4defe0d1dd.jpg,55,53,90,5,2,EXACT_DUPLICATE_CONFLICT
9905aa20c91ef10e1318eef77539884be05c4c10b902e962b74c76325f6724c8,sha256:9905aa20c91ef10e,Soil_Labeled_Data/M_30_40/L_90_100/alluvial/z5720143165808_c048ad1ab07ddbb36a302d65772e88c8.jpg,z5720143165808_c048ad1ab07ddbb36a302d65772e88c8.jpg,31,29,99,3,3,EXACT_DUPLICATE_CONFLICT
9905aa20c91ef10e1318eef77539884be05c4c10b902e962b74c76325f6724c8,sha256:9905aa20c91ef10e,Soil_Labeled_Data/M_40_50/L_90_100/alluvial/z5720143165808_c048ad1ab07ddbb36a302d65772e88c8.jpg,z5720143165808_c048ad1ab07ddbb36a302d65772e88c8.jpg,48,49,96,4,3,EXACT_DUPLICATE_CONFLICT
9905aa20c91ef10e1318eef77539884be05c4c10b902e962b74c76325f6724c8,sha256:9905aa20c91ef10e,Soil_Labeled_Data/M_50_60/L_90_100/alluvial/z5720143165808_c048ad1ab07ddbb36a302d65772e88c8.jpg,z5720143165808_c048ad1ab07ddbb36a302d65772e88c8.jpg,52,53,100,5,3,EXACT_DUPLICATE_CONFLICT
9a626aede8c742d3909a22277e5a046d567ff352bc7d86b1afa44be176987d0f,sha256:9a626aede8c742d3,Soil_Labeled_Data/M_30_40/L_80_90/alluvial/z5720115800429_ff01c46a0bb2fd04a0bcfaa21477768c.jpg,z5720115800429_ff01c46a0bb2fd04a0bcfaa21477768c.jpg,31,30,86,3,3,EXACT_DUPLICATE_CONFLICT
9a626aede8c742d3909a22277e5a046d567ff352bc7d86b1afa44be176987d0f,sha256:9a626aede8c742d3,Soil_Labeled_Data/M_50_60/L_80_90/alluvial/z5720115800429_ff01c46a0bb2fd04a0bcfaa21477768c.jpg,z5720115800429_ff01c46a0bb2fd04a0bcfaa21477768c.jpg,53,51,89,5,3,EXACT_DUPLICATE_CONFLICT
9a626aede8c742d3909a22277e5a046d567ff352bc7d86b1afa44be176987d0f,sha256:9a626aede8c742d3,Soil_Labeled_Data/M_60_70/L_80_90/alluvial/z5720115800429_ff01c46a0bb2fd04a0bcfaa21477768c.jpg,z5720115800429_ff01c46a0bb2fd04a0bcfaa21477768c.jpg,63,64,87,6,3,EXACT_DUPLICATE_CONFLICT
a1d2f3dcbdb6deac51cc360ad72c91414c27231fa74aed3ec9a80915a864b819,sha256:a1d2f3dcbdb6deac,Soil_Labeled_Data/M_30_40/L_90_100/alluvial/z5720143115861_efed4878483a1f7e23629c7386a6d09d.jpg,z5720143115861_efed4878483a1f7e23629c7386a6d09d.jpg,34,33,92,3,2,EXACT_DUPLICATE_CONFLICT
a1d2f3dcbdb6deac51cc360ad72c91414c27231fa74aed3ec9a80915a864b819,sha256:a1d2f3dcbdb6deac,Soil_Labeled_Data/M_50_60/L_90_100/alluvial/z5720143115861_efed4878483a1f7e23629c7386a6d09d.jpg,z5720143115861_efed4878483a1f7e23629c7386a6d09d.jpg,56,58,92,5,2,EXACT_DUPLICATE_CONFLICT
ad01962ff96b59c7f2e01deccfcfb26565289a1874d4cb18321c4c670dac82f3,sha256:ad01962ff96b59c7,Soil_Labeled_Data/M_30_40/L_90_100/alluvial/z5720143090213_a08a9f5a97cdc656748cb7fa75edf338.jpg,z5720143090213_a08a9f5a97cdc656748cb7fa75edf338.jpg,37,36,94,3,3,EXACT_DUPLICATE_CONFLICT
ad01962ff96b59c7f2e01deccfcfb26565289a1874d4cb18321c4c670dac82f3,sha256:ad01962ff96b59c7,Soil_Labeled_Data/M_40_50/L_90_100/alluvial/z5720143090213_a08a9f5a97cdc656748cb7fa75edf338.jpg,z5720143090213_a08a9f5a97cdc656748cb7fa75edf338.jpg,48,47,92,4,3,EXACT_DUPLICATE_CONFLICT
ad01962ff96b59c7f2e01deccfcfb26565289a1874d4cb18321c4c670dac82f3,sha256:ad01962ff96b59c7,Soil_Labeled_Data/M_50_60/L_90_100/alluvial/z5720143090213_a08a9f5a97cdc656748cb7fa75edf338.jpg,z5720143090213_a08a9f5a97cdc656748cb7fa75edf338.jpg,50,51,90,5,3,EXACT_DUPLICATE_CONFLICT
ade40a65a23d306319ba2fadfc9c4d5eeaf049ca4046bd5fc41ea69a2e373fa9,sha256:ade40a65a23d3063,Soil_Labeled_Data/M_30_40/L_90_100/alluvial/z5720143180627_8991003c4168f68248331f4ae3cb75d1.jpg,z5720143180627_8991003c4168f68248331f4ae3cb75d1.jpg,40,42,95,3,3,EXACT_DUPLICATE_CONFLICT
ade40a65a23d306319ba2fadfc9c4d5eeaf049ca4046bd5fc41ea69a2e373fa9,sha256:ade40a65a23d3063,Soil_Labeled_Data/M_40_50/L_90_100/alluvial/z5720143180627_8991003c4168f68248331f4ae3cb75d1.jpg,z5720143180627_8991003c4168f68248331f4ae3cb75d1.jpg,45,45,97,4,3,EXACT_DUPLICATE_CONFLICT
ade40a65a23d306319ba2fadfc9c4d5eeaf049ca4046bd5fc41ea69a2e373fa9,sha256:ade40a65a23d3063,Soil_Labeled_Data/M_50_60/L_90_100/alluvial/z5720143180627_8991003c4168f68248331f4ae3cb75d1.jpg,z5720143180627_8991003c4168f68248331f4ae3cb75d1.jpg,51,50,92,5,3,EXACT_DUPLICATE_CONFLICT
af54ceee1e6ea7ef7a866eb66ec5f0714bf947da83ee39e15e5e8cab789a92e8,sha256:af54ceee1e6ea7ef,Soil_Labeled_Data/M_30_40/L_80_90/alluvial/z5720115833149_ed8419086eec88fa81ae29e84dd8ee29.jpg,z5720115833149_ed8419086eec88fa81ae29e84dd8ee29.jpg,32,33,88,3,3,EXACT_DUPLICATE_CONFLICT
af54ceee1e6ea7ef7a866eb66ec5f0714bf947da83ee39e15e5e8cab789a92e8,sha256:af54ceee1e6ea7ef,Soil_Labeled_Data/M_50_60/L_80_90/alluvial/z5720115833149_ed8419086eec88fa81ae29e84dd8ee29.jpg,z5720115833149_ed8419086eec88fa81ae29e84dd8ee29.jpg,57,57,90,5,3,EXACT_DUPLICATE_CONFLICT
af54ceee1e6ea7ef7a866eb66ec5f0714bf947da83ee39e15e5e8cab789a92e8,sha256:af54ceee1e6ea7ef,Soil_Labeled_Data/M_60_70/L_80_90/alluvial/z5720115833149_ed8419086eec88fa81ae29e84dd8ee29.jpg,z5720115833149_ed8419086eec88fa81ae29e84dd8ee29.jpg,70,69,90,6,3,EXACT_DUPLICATE_CONFLICT
b2d381061e86750c596ea90c359ce7104609d9708781c75c65ed9c99f3190381,sha256:b2d381061e86750c,Soil_Labeled_Data/M_10_20/L_70_80/alluvial/IMG_0702.JPG,IMG_0702.JPG,14,13,80,1,3,EXACT_DUPLICATE_CONFLICT
b2d381061e86750c596ea90c359ce7104609d9708781c75c65ed9c99f3190381,sha256:b2d381061e86750c,Soil_Labeled_Data/M_10_20/L_70_80/alluvial/IMG_0705.JPG,IMG_0705.JPG,15,18,75,1,3,EXACT_DUPLICATE_CONFLICT
b2d381061e86750c596ea90c359ce7104609d9708781c75c65ed9c99f3190381,sha256:b2d381061e86750c,Soil_Labeled_Data/M_10_20/L_70_80/alluvial/IMG_0706.JPG,IMG_0706.JPG,19,18,70,1,3,EXACT_DUPLICATE_CONFLICT
b31a63d28142efd56024bd0e38ee4b1118ecaf2eca2f4cb0c721d8c954f5bcb9,sha256:b31a63d28142efd5,Soil_Labeled_Data/M_30_40/L_80_90/alluvial/z5720115942754_8be2331cdea2f08eaa20a4d16f47702e.jpg,z5720115942754_8be2331cdea2f08eaa20a4d16f47702e.jpg,34,35,87,3,4,EXACT_DUPLICATE_CONFLICT
b31a63d28142efd56024bd0e38ee4b1118ecaf2eca2f4cb0c721d8c954f5bcb9,sha256:b31a63d28142efd5,Soil_Labeled_Data/M_40_50/L_80_90/alluvial/z5720115942754_8be2331cdea2f08eaa20a4d16f47702e.jpg,z5720115942754_8be2331cdea2f08eaa20a4d16f47702e.jpg,45,47,85,4,4,EXACT_DUPLICATE_CONFLICT
b31a63d28142efd56024bd0e38ee4b1118ecaf2eca2f4cb0c721d8c954f5bcb9,sha256:b31a63d28142efd5,Soil_Labeled_Data/M_50_60/L_80_90/alluvial/z5720115942754_8be2331cdea2f08eaa20a4d16f47702e.jpg,z5720115942754_8be2331cdea2f08eaa20a4d16f47702e.jpg,51,53,82,5,4,EXACT_DUPLICATE_CONFLICT
b31a63d28142efd56024bd0e38ee4b1118ecaf2eca2f4cb0c721d8c954f5bcb9,sha256:b31a63d28142efd5,Soil_Labeled_Data/M_60_70/L_80_90/alluvial/z5720115942754_8be2331cdea2f08eaa20a4d16f47702e.jpg,z5720115942754_8be2331cdea2f08eaa20a4d16f47702e.jpg,62,62,90,6,4,EXACT_DUPLICATE_CONFLICT
c7569787e74310048696c82571cedd2cb89e66b961605a3059711b281284b503,sha256:c7569787e7431004,Soil_Labeled_Data/M_30_40/L_80_90/alluvial/z5720115653272_3de34aa127a04a50ac17b19f6c26e982.jpg,z5720115653272_3de34aa127a04a50ac17b19f6c26e982.jpg,36,38,90,3,3,EXACT_DUPLICATE_CONFLICT
c7569787e74310048696c82571cedd2cb89e66b961605a3059711b281284b503,sha256:c7569787e7431004,Soil_Labeled_Data/M_50_60/L_80_90/alluvial/z5720115653272_3de34aa127a04a50ac17b19f6c26e982.jpg,z5720115653272_3de34aa127a04a50ac17b19f6c26e982.jpg,53,55,86,5,3,EXACT_DUPLICATE_CONFLICT
c7569787e74310048696c82571cedd2cb89e66b961605a3059711b281284b503,sha256:c7569787e7431004,Soil_Labeled_Data/M_60_70/L_80_90/alluvial/z5720115653272_3de34aa127a04a50ac17b19f6c26e982.jpg,z5720115653272_3de34aa127a04a50ac17b19f6c26e982.jpg,69,67,84,6,3,EXACT_DUPLICATE_CONFLICT
ca85bf8ff5a35539fefbb847acbe12f7f32ecbe248c145a844b511e7bc339c0a,sha256:ca85bf8ff5a35539,Soil_Labeled_Data/M_30_40/L_90_100/alluvial/z5720142944680_d4f5166a1f72d6cb4ddfe9316119b767.jpg,z5720142944680_d4f5166a1f72d6cb4ddfe9316119b767.jpg,37,38,90,3,2,EXACT_DUPLICATE_CONFLICT
ca85bf8ff5a35539fefbb847acbe12f7f32ecbe248c145a844b511e7bc339c0a,sha256:ca85bf8ff5a35539,Soil_Labeled_Data/M_50_60/L_90_100/alluvial/z5720142944680_d4f5166a1f72d6cb4ddfe9316119b767.jpg,z5720142944680_d4f5166a1f72d6cb4ddfe9316119b767.jpg,54,52,90,5,2,EXACT_DUPLICATE_CONFLICT
cbcffdd73df06e0b072756c13f9f0563e8072b9b0b5a5f3023123493706fc4bd,sha256:cbcffdd73df06e0b,Soil_Labeled_Data/M_30_40/L_90_100/alluvial/z5720142535965_7f8fdeed5b9f25c4800540f4c7109134.jpg,z5720142535965_7f8fdeed5b9f25c4800540f4c7109134.jpg,37,35,95,3,2,EXACT_DUPLICATE_CONFLICT
cbcffdd73df06e0b072756c13f9f0563e8072b9b0b5a5f3023123493706fc4bd,sha256:cbcffdd73df06e0b,Soil_Labeled_Data/M_50_60/L_90_100/alluvial/z5720142535965_7f8fdeed5b9f25c4800540f4c7109134.jpg,z5720142535965_7f8fdeed5b9f25c4800540f4c7109134.jpg,58,57,95,5,2,EXACT_DUPLICATE_CONFLICT
d27c8f193d45dc320ed6bfa0639a1374901b85f74b60878fbb42dd02333cc0a0,sha256:d27c8f193d45dc32,Soil_Labeled_Data/M_30_40/L_80_90/alluvial/z5720116085194_b4c6d844bda5f6a7533e048925576cdd.jpg,z5720116085194_b4c6d844bda5f6a7533e048925576cdd.jpg,33,33,80,3,4,EXACT_DUPLICATE_CONFLICT
d27c8f193d45dc320ed6bfa0639a1374901b85f74b60878fbb42dd02333cc0a0,sha256:d27c8f193d45dc32,Soil_Labeled_Data/M_40_50/L_80_90/alluvial/z5720116085194_b4c6d844bda5f6a7533e048925576cdd.jpg,z5720116085194_b4c6d844bda5f6a7533e048925576cdd.jpg,50,49,84,4,4,EXACT_DUPLICATE_CONFLICT
d27c8f193d45dc320ed6bfa0639a1374901b85f74b60878fbb42dd02333cc0a0,sha256:d27c8f193d45dc32,Soil_Labeled_Data/M_50_60/L_80_90/alluvial/z5720116085194_b4c6d844bda5f6a7533e048925576cdd.jpg,z5720116085194_b4c6d844bda5f6a7533e048925576cdd.jpg,56,59,80,5,4,EXACT_DUPLICATE_CONFLICT
d27c8f193d45dc320ed6bfa0639a1374901b85f74b60878fbb42dd02333cc0a0,sha256:d27c8f193d45dc32,Soil_Labeled_Data/M_60_70/L_80_90/alluvial/z5720116085194_b4c6d844bda5f6a7533e048925576cdd.jpg,z5720116085194_b4c6d844bda5f6a7533e048925576cdd.jpg,70,72,84,6,4,EXACT_DUPLICATE_CONFLICT
d2d846cd4e716f7399ac6b2fe8d1b99b43285e9b37aad353e7b55b7f2ba4a9b0,sha256:d2d846cd4e716f73,Soil_Labeled_Data/M_30_40/L_80_90/alluvial/z5720115969160_90e7c8fe51469c6537b93b0b5051f46d.jpg,z5720115969160_90e7c8fe51469c6537b93b0b5051f46d.jpg,30,31,80,3,3,EXACT_DUPLICATE_CONFLICT
d2d846cd4e716f7399ac6b2fe8d1b99b43285e9b37aad353e7b55b7f2ba4a9b0,sha256:d2d846cd4e716f73,Soil_Labeled_Data/M_50_60/L_80_90/alluvial/z5720115969160_90e7c8fe51469c6537b93b0b5051f46d.jpg,z5720115969160_90e7c8fe51469c6537b93b0b5051f46d.jpg,59,58,81,5,3,EXACT_DUPLICATE_CONFLICT
d2d846cd4e716f7399ac6b2fe8d1b99b43285e9b37aad353e7b55b7f2ba4a9b0,sha256:d2d846cd4e716f73,Soil_Labeled_Data/M_60_70/L_80_90/alluvial/z5720115969160_90e7c8fe51469c6537b93b0b5051f46d.jpg,z5720115969160_90e7c8fe51469c6537b93b0b5051f46d.jpg,65,67,80,6,3,EXACT_DUPLICATE_CONFLICT
da67778185dbfeb35e18acd99a4b43850e693e80c558855b36f342b4d4360d30,sha256:da67778185dbfeb3,Soil_Labeled_Data/M_30_40/L_80_90/alluvial/z5720115687004_c7046b6ed304fe8ccbb693c1af288980.jpg,z5720115687004_c7046b6ed304fe8ccbb693c1af288980.jpg,30,30,86,3,4,EXACT_DUPLICATE_CONFLICT
da67778185dbfeb35e18acd99a4b43850e693e80c558855b36f342b4d4360d30,sha256:da67778185dbfeb3,Soil_Labeled_Data/M_40_50/L_80_90/alluvial/z5720115687004_c7046b6ed304fe8ccbb693c1af288980.jpg,z5720115687004_c7046b6ed304fe8ccbb693c1af288980.jpg,41,43,89,4,4,EXACT_DUPLICATE_CONFLICT
da67778185dbfeb35e18acd99a4b43850e693e80c558855b36f342b4d4360d30,sha256:da67778185dbfeb3,Soil_Labeled_Data/M_50_60/L_80_90/alluvial/z5720115687004_c7046b6ed304fe8ccbb693c1af288980.jpg,z5720115687004_c7046b6ed304fe8ccbb693c1af288980.jpg,55,57,83,5,4,EXACT_DUPLICATE_CONFLICT
da67778185dbfeb35e18acd99a4b43850e693e80c558855b36f342b4d4360d30,sha256:da67778185dbfeb3,Soil_Labeled_Data/M_60_70/L_80_90/alluvial/z5720115687004_c7046b6ed304fe8ccbb693c1af288980.jpg,z5720115687004_c7046b6ed304fe8ccbb693c1af288980.jpg,68,67,84,6,4,EXACT_DUPLICATE_CONFLICT
e71702166efad6b72f962a665ebf221f6f5a689ab58d63bea2d33f3b5bea0a06,sha256:e71702166efad6b7,Soil_Labeled_Data/M_10_20/L_80_90/alluvial/IMG_0751.JPG,IMG_0751.JPG,13,12,84,1,2,EXACT_DUPLICATE_CONFLICT
e71702166efad6b72f962a665ebf221f6f5a689ab58d63bea2d33f3b5bea0a06,sha256:e71702166efad6b7,Soil_Labeled_Data/M_10_20/L_80_90/alluvial/IMG_0752.JPG,IMG_0752.JPG,20,20,80,1,2,EXACT_DUPLICATE_CONFLICT
e7d94a42af104da7bdf576e1af439aa873e09e789ad3de009fe5f51e79b02b3f,sha256:e7d94a42af104da7,Soil_Labeled_Data/M_30_40/L_80_90/alluvial/z5720116069849_bcc6949c92dd61a3b67028202e4c3c2a.jpg,z5720116069849_bcc6949c92dd61a3b67028202e4c3c2a.jpg,36,37,84,3,3,EXACT_DUPLICATE_CONFLICT
e7d94a42af104da7bdf576e1af439aa873e09e789ad3de009fe5f51e79b02b3f,sha256:e7d94a42af104da7,Soil_Labeled_Data/M_50_60/L_80_90/alluvial/z5720116069849_bcc6949c92dd61a3b67028202e4c3c2a.jpg,z5720116069849_bcc6949c92dd61a3b67028202e4c3c2a.jpg,60,61,80,5,3,EXACT_DUPLICATE_CONFLICT
e7d94a42af104da7bdf576e1af439aa873e09e789ad3de009fe5f51e79b02b3f,sha256:e7d94a42af104da7,Soil_Labeled_Data/M_60_70/L_80_90/alluvial/z5720116069849_bcc6949c92dd61a3b67028202e4c3c2a.jpg,z5720116069849_bcc6949c92dd61a3b67028202e4c3c2a.jpg,70,68,89,6,3,EXACT_DUPLICATE_CONFLICT
f6f490aa8c06c3f394c6af6b860648034089de50325cbb7a66c6e52da0ace352,sha256:f6f490aa8c06c3f3,Soil_Labeled_Data/M_30_40/L_90_100/alluvial/z5720142803519_7e7073968e86e15707d41ef2d1f8a1cb.jpg,z5720142803519_7e7073968e86e15707d41ef2d1f8a1cb.jpg,32,31,96,3,3,EXACT_DUPLICATE_CONFLICT
f6f490aa8c06c3f394c6af6b860648034089de50325cbb7a66c6e52da0ace352,sha256:f6f490aa8c06c3f3,Soil_Labeled_Data/M_40_50/L_90_100/alluvial/z5720142803519_7e7073968e86e15707d41ef2d1f8a1cb.jpg,z5720142803519_7e7073968e86e15707d41ef2d1f8a1cb.jpg,45,43,98,4,3,EXACT_DUPLICATE_CONFLICT
f6f490aa8c06c3f394c6af6b860648034089de50325cbb7a66c6e52da0ace352,sha256:f6f490aa8c06c3f3,Soil_Labeled_Data/M_50_60/L_90_100/alluvial/z5720142803519_7e7073968e86e15707d41ef2d1f8a1cb.jpg,z5720142803519_7e7073968e86e15707d41ef2d1f8a1cb.jpg,52,54,94,5,3,EXACT_DUPLICATE_CONFLICT
f78a84e7b2a6e850c20e699b6715e85009c356da4b0001f92227be59ff662b36,sha256:f78a84e7b2a6e850,Soil_Labeled_Data/M_30_40/L_80_90/alluvial/z5720115994271_6ee046f5429b540fab54644ee387967d.jpg,z5720115994271_6ee046f5429b540fab54644ee387967d.jpg,30,32,83,3,4,EXACT_DUPLICATE_CONFLICT
f78a84e7b2a6e850c20e699b6715e85009c356da4b0001f92227be59ff662b36,sha256:f78a84e7b2a6e850,Soil_Labeled_Data/M_40_50/L_80_90/alluvial/z5720115994271_6ee046f5429b540fab54644ee387967d.jpg,z5720115994271_6ee046f5429b540fab54644ee387967d.jpg,46,46,88,4,4,EXACT_DUPLICATE_CONFLICT
f78a84e7b2a6e850c20e699b6715e85009c356da4b0001f92227be59ff662b36,sha256:f78a84e7b2a6e850,Soil_Labeled_Data/M_50_60/L_80_90/alluvial/z5720115994271_6ee046f5429b540fab54644ee387967d.jpg,z5720115994271_6ee046f5429b540fab54644ee387967d.jpg,57,59,84,5,4,EXACT_DUPLICATE_CONFLICT
f78a84e7b2a6e850c20e699b6715e85009c356da4b0001f92227be59ff662b36,sha256:f78a84e7b2a6e850,Soil_Labeled_Data/M_60_70/L_80_90/alluvial/z5720115994271_6ee046f5429b540fab54644ee387967d.jpg,z5720115994271_6ee046f5429b540fab54644ee387967d.jpg,67,66,88,6,4,EXACT_DUPLICATE_CONFLICT
